Timestamp,Q,0.0,0.1,0.2,0.3,0.4,0.5,0.6,0.7,0.8,0.9,1.0,1.1,1.2,1.3,1.4,1.5,1.6,1.7,1.8,1.9,2.0,2.1,2.2,2.3,2.4,2.5,2.6,2.7,2.8,2.9,3.0,3.1,3.2,3.3,3.4,3.5,3.6,3.7,3.8,3.9,4.0,4.1,4.2,4.3,4.4,4.5,4.6,4.7,4.8,4.9,5.0,5.1,5.2,5.3,5.4,5.5,5.6,5.7,5.8,5.9,6.0,6.1,6.2,6.3,6.4,6.5,6.6,6.7,6.8,6.9,7.0,7.1,7.2,7.3,7.4,7.5,7.6,7.7,7.8,7.9,8.0,8.1,8.2,8.3,8.4,8.5,8.6,8.7,8.8,8.9,9.0,9.1,9.2,9.3,9.4,9.5,9.6,9.7,9.8,9.9,10.0
0,1.94,21.23,21.23,21.23,21.23,21.23,21.23,21.23,21.23,21.23,21.23,21.23,21.23,21.23,21.23,21.23,21.23,21.23,21.23,21.23,21.23,21.23,21.23,21.23,21.23,21.23,21.23,21.23,21.23,21.23,21.23,21.23,21.23,21.23,21.23,21.23,21.23,21.23,21.23,21.23,21.23,21.23,21.23,21.23,21.23,21.23,21.23,21.23,21.23,21.23,21.23,21.23,21.23,21.23,21.23,21.23,21.23,21.23,21.23,21.23,21.23,21.23,21.23,21.23,21.23,21.23,21.23,21.23,21.23,21.23,21.23,21.23,21.23,21.23,21.23,21.23,21.23,21.23,21.23,21.23,21.23,21.23,21.23,21.23,21.23,21.23,21.23,21.23,21.23,21.23,21.23,21.23,21.23,21.23,21.23,21.23,21.23,21.23,21.23,21.23,21.23,21.23
0.1,1.94,21.350287698412785,21.35028769841278,21.350287698412785,21.350287698412785,21.35028769841278,21.350287698412785,21.350287698412785,21.350287698412785,21.35028769841278,21.350287698412785,21.35028769841279,21.35028769841279,21.35028769841279,21.35028769841279,21.35028769841279,21.35028769841279,21.35028769841279,21.350287698412785,21.35028769841278,21.350287698412785,21.35028769841279,21.350287698412792,21.350287698412796,21.3502876984128,21.3502876984128,21.350287698412796,21.3502876984128,21.3502876984128,21.3502876984128,21.350287698412796,21.3502876984128,21.3502876984128,21.350287698412796,21.350287698412796,21.350287698412792,21.350287698412792,21.35028769841279,21.35028769841279,21.35028769841279,21.35028769841279,21.35028769841279,21.35028769841279,21.35028769841279,21.35028769841279,21.35028769841279,21.350287698412792,21.350287698412796,21.3502876984128,21.350287698412796,21.350287698412796,21.350287698412796,21.350287698412796,21.350287698412792,21.35028769841279,21.35028769841279,21.35028769841278,21.350287698412778,21.350287698412775,21.35028769841277,21.350287698412764,21.35028769841276,21.350287698412757,21.35028769841275,21.350287698412753,21.35028769841275,21.35028769841275,21.350287698412753,21.35028769841275,21.350287698412746,21.350287698412746,21.350287698412753,21.350287698412757,21.35028769841276,21.350287698412764,21.35028769841277,21.350287698412778,21.350287698412785,21.35028769841279,21.350287698412792,21.350287698412792,21.350287698412792,21.350287698412792,21.350287698412792,21.350287698412796,21.350287698412796,21.350287698412796,21.350287698412803,21.350287698412806,21.35028769841281,21.350287698412814,21.350287698412814,21.350287698412814,21.350287698412814,21.350287698412817,21.350287698412817,21.350287698412817,21.350287698412814,21.350287698412817,21.350287698412814,21.350287698412814,21.350287698412817
0.2,1.94,21.470575396825573,21.47057539682557,21.47057539682557,21.47057539682557,21.47057539682557,21.470575396825573,21.470575396825573,21.470575396825573,21.470575396825573,21.47057539682557,21.47057539682557,21.47057539682557,21.47057539682557,21.470575396825573,21.470575396825573,21.470575396825577,21.470575396825577,21.470575396825577,21.470575396825577,21.47057539682558,21.470575396825584,21.470575396825588,21.470575396825588,21.47057539682559,21.47057539682559,21.47057539682559,21.47057539682559,21.47057539682559,21.470575396825588,21.470575396825584,21.470575396825584,21.47057539682558,21.470575396825577,21.470575396825577,21.470575396825573,21.470575396825573,21.47057539682557,21.470575396825573,21.470575396825573,21.470575396825573,21.470575396825573,21.47057539682557,21.470575396825566,21.470575396825566,21.470575396825566,21.470575396825566,21.47057539682557,21.470575396825573,21.470575396825573,21.47057539682557,21.470575396825573,21.470575396825573,21.470575396825573,21.47057539682557,21.470575396825563,21.470575396825556,21.470575396825552,21.470575396825545,21.470575396825534,21.470575396825524,21.470575396825517,21.470575396825513,21.470575396825513,21.470575396825513,21.470575396825513,21.470575396825513,21.470575396825513,21.470575396825513,21.470575396825513,21.470575396825513,21.470575396825517,21.470575396825527,21.470575396825534,21.470575396825538,21.470575396825545,21.470575396825552,21.47057539682556,21.470575396825566,21.470575396825573,21.47057539682558,21.470575396825584,21.47057539682559,21.470575396825595,21.4705753968256,21.470575396825602,21.470575396825605,21.470575396825613,21.470575396825616,21.470575396825623,21.470575396825627,21.47057539682563,21.47057539682563,21.470575396825634,21.470575396825637,21.470575396825634,21.47057539682563,21.47057539682563,21.47057539682563,21.47057539682563,21.47057539682563,21.47057539682563
0.3,1.94,21.590863095238362,21.590863095238362,21.590863095238362,21.590863095238362,21.590863095238362,21.590863095238365,21.590863095238362,21.590863095238365,21.590863095238362,21.590863095238362,21.590863095238362,21.590863095238362,21.590863095238362,21.590863095238362,21.590863095238362,21.590863095238362,21.590863095238365,21.590863095238362,21.590863095238365,21.59086309523837,21.590863095238372,21.590863095238376,21.59086309523838,21.590863095238383,21.590863095238383,21.590863095238383,21.590863095238383,21.59086309523838,21.59086309523838,21.59086309523838,21.590863095238383,21.590863095238383,21.59086309523838,21.590863095238376,21.59086309523837,21.590863095238365,21.590863095238365,21.590863095238362,21.59086309523836,21.59086309523836,21.590863095238355,21.590863095238355,21.59086309523835,21.59086309523835,21.59086309523835,21.59086309523835,21.590863095238355,21.590863095238355,21.59086309523835,21.59086309523835,21.59086309523835,21.590863095238348,21.590863095238344,21.59086309523834,21.590863095238337,21.590863095238333,21.590863095238326,21.59086309523832,21.59086309523831,21.590863095238298,21.59086309523829,21.590863095238287,21.590863095238284,21.59086309523828,21.590863095238284,21.590863095238284,21.590863095238287,21.590863095238287,21.590863095238287,21.590863095238284,21.59086309523829,21.5908630952383,21.59086309523831,21.590863095238316,21.590863095238323,21.590863095238333,21.59086309523834,21.590863095238344,21.59086309523835,21.59086309523836,21.590863095238362,21.59086309523837,21.590863095238376,21.590863095238383,21.590863095238387,21.59086309523839,21.590863095238397,21.590863095238404,21.59086309523841,21.590863095238422,21.590863095238426,21.590863095238426,21.59086309523843,21.590863095238433,21.590863095238436,21.590863095238436,21.590863095238436,21.590863095238436,21.590863095238436,21.590863095238436,21.590863095238436
0.4,1.94,21.71115079365115,21.71115079365115,21.711150793651154,21.71115079365115,21.71115079365115,21.71115079365115,21.711150793651154,21.71115079365115,21.71115079365115,21.711150793651154,21.71115079365115,21.71115079365115,21.71115079365115,21.71115079365115,21.71115079365115,21.711150793651154,21.711150793651154,21.711150793651154,21.711150793651154,21.711150793651157,21.71115079365116,21.71115079365117,21.71115079365118,21.71115079365118,21.71115079365118,21.71115079365118,21.71115079365118,21.711150793651175,21.71115079365117,21.711150793651168,21.711150793651168,21.711150793651164,21.711150793651157,21.711150793651157,21.711150793651154,21.71115079365115,21.711150793651147,21.711150793651143,21.71115079365114,21.71115079365114,21.71115079365114,21.711150793651132,21.71115079365113,21.71115079365113,21.71115079365113,21.71115079365113,21.711150793651132,21.711150793651132,21.711150793651132,21.71115079365113,21.71115079365113,21.711150793651125,21.71115079365112,21.711150793651118,21.71115079365111,21.711150793651107,21.711150793651104,21.711150793651097,21.711150793651086,21.711150793651075,21.71115079365107,21.711150793651065,21.711150793651065,21.711150793651065,21.71115079365107,21.71115079365107,21.71115079365107,21.71115079365107,21.71115079365107,21.711150793651072,21.71115079365108,21.711150793651086,21.711150793651093,21.7111507936511,21.71115079365111,21.711150793651125,21.711150793651132,21.711150793651136,21.711150793651143,21.711150793651154,21.71115079365116,21.711150793651164,21.71115079365117,21.71115079365118,21.711150793651186,21.711150793651193,21.7111507936512,21.711150793651207,21.71115079365121,21.711150793651218,21.71115079365122,21.711150793651225,21.71115079365123,21.711150793651232,21.711150793651232,21.711150793651232,21.711150793651235,21.71115079365124,21.71115079365124,21.71115079365124,21.711150793651242
0.5,1.94,21.831438492063945,21.831438492063942,21.831438492063942,21.831438492063945,21.831438492063942,21.831438492063945,21.831438492063942,21.831438492063945,21.831438492063945,21.831438492063942,21.831438492063942,21.831438492063942,21.831438492063945,21.831438492063942,21.831438492063945,21.83143849206395,21.831438492063953,21.831438492063953,21.831438492063953,21.831438492063956,21.83143849206396,21.831438492063963,21.831438492063967,21.831438492063967,21.831438492063967,21.831438492063967,21.831438492063967,21.831438492063967,21.831438492063963,21.83143849206396,21.83143849206396,21.831438492063956,21.831438492063953,21.83143849206395,21.831438492063942,21.83143849206394,21.831438492063935,21.83143849206393,21.83143849206393,21.831438492063924,21.83143849206392,21.831438492063917,21.831438492063914,21.831438492063914,21.83143849206391,21.83143849206391,21.831438492063914,21.831438492063914,21.831438492063914,21.831438492063914,21.831438492063914,21.831438492063906,21.831438492063903,21.8314384920639,21.831438492063896,21.83143849206389,21.831438492063885,21.831438492063878,21.83143849206387,21.83143849206386,21.831438492063853,21.83143849206385,21.83143849206385,21.831438492063846,21.831438492063846,21.83143849206385,21.83143849206385,21.831438492063846,21.83143849206385,21.831438492063853,21.831438492063864,21.83143849206387,21.831438492063878,21.83143849206389,21.8314384920639,21.83143849206391,21.831438492063917,21.831438492063924,21.831438492063935,21.83143849206394,21.831438492063945,21.831438492063953,21.83143849206396,21.831438492063967,21.831438492063974,21.831438492063985,21.831438492063995,21.831438492064002,21.831438492064006,21.831438492064013,21.831438492064017,21.831438492064024,21.831438492064027,21.83143849206403,21.831438492064034,21.831438492064034,21.831438492064034,21.831438492064038,21.831438492064038,21.831438492064038,21.831438492064038
0.6,1.94,21.951726190476723,21.951726190476723,21.951726190476727,21.951726190476727,21.95172619047673,21.95172619047673,21.95172619047673,21.951726190476734,21.951726190476734,21.951726190476737,21.95172619047674,21.95172619047674,21.95172619047674,21.95172619047674,21.95172619047674,21.95172619047674,21.951726190476744,21.95172619047674,21.95172619047674,21.951726190476744,21.95172619047675,21.95172619047676,21.951726190476762,21.951726190476762,21.951726190476762,21.951726190476762,21.951726190476762,21.95172619047676,21.951726190476755,21.95172619047675,21.95172619047675,21.951726190476748,21.95172619047674,21.951726190476737,21.95172619047673,21.951726190476723,21.951726190476723,21.95172619047672,21.951726190476712,21.95172619047671,21.951726190476705,21.951726190476705,21.951726190476702,21.951726190476702,21.951726190476702,21.9517261904767,21.951726190476702,21.951726190476702,21.9517261904767,21.951726190476695,21.95172619047669,21.951726190476688,21.95172619047668,21.951726190476677,21.95172619047667,21.951726190476663,21.95172619047666,21.951726190476656,21.95172619047665,21.95172619047664,21.951726190476638,21.951726190476638,21.951726190476634,21.951726190476634,21.951726190476634,21.951726190476634,21.951726190476634,21.951726190476634,21.951726190476634,21.951726190476634,21.95172619047664,21.95172619047665,21.95172619047666,21.95172619047667,21.95172619047668,21.95172619047669,21.951726190476702,21.95172619047671,21.95172619047672,21.951726190476727,21.951726190476734,21.95172619047674,21.951726190476748,21.951726190476755,21.951726190476762,21.95172619047677,21.951726190476776,21.951726190476787,21.951726190476794,21.9517261904768,21.95172619047681,21.951726190476816,21.951726190476823,21.951726190476826,21.951726190476826,21.951726190476826,21.951726190476826,21.95172619047683,21.95172619047683,21.95172619047683,21.95172619047683
0.7,1.94,22.072013888889522,22.072013888889522,22.072013888889526,22.072013888889522,22.072013888889522,22.072013888889526,22.072013888889526,22.072013888889522,22.072013888889526,22.072013888889522,22.072013888889526,22.072013888889522,22.072013888889526,22.07201388888953,22.07201388888953,22.072013888889533,22.072013888889533,22.072013888889533,22.072013888889536,22.07201388888954,22.072013888889547,22.072013888889554,22.072013888889554,22.072013888889558,22.072013888889554,22.07201388888955,22.07201388888955,22.072013888889547,22.072013888889543,22.072013888889543,22.072013888889543,22.07201388888954,22.072013888889533,22.07201388888953,22.07201388888952,22.07201388888951,22.072013888889508,22.072013888889508,22.072013888889508,22.072013888889504,22.0720138888895,22.072013888889497,22.072013888889494,22.072013888889494,22.07201388888949,22.07201388888949,22.07201388888949,22.072013888889487,22.072013888889483,22.07201388888948,22.07201388888948,22.072013888889476,22.072013888889472,22.07201388888947,22.07201388888946,22.072013888889455,22.07201388888945,22.072013888889444,22.072013888889433,22.072013888889423,22.07201388888942,22.072013888889416,22.07201388888941,22.072013888889412,22.072013888889412,22.072013888889416,22.072013888889416,22.072013888889416,22.07201388888942,22.07201388888942,22.07201388888943,22.072013888889444,22.07201388888945,22.07201388888946,22.072013888889472,22.072013888889483,22.07201388888949,22.072013888889497,22.072013888889504,22.07201388888951,22.07201388888952,22.07201388888953,22.07201388888954,22.072013888889547,22.072013888889558,22.07201388888957,22.07201388888958,22.072013888889586,22.072013888889597,22.072013888889604,22.07201388888961,22.072013888889614,22.072013888889618,22.072013888889618,22.072013888889618,22.07201388888962,22.07201388888962,22.072013888889618,22.072013888889618,22.07201388888962,22.072013888889625
0.8,1.94,22.19230158730231,22.19230158730231,22.19230158730231,22.19230158730231,22.19230158730231,22.192301587302314,22.19230158730231,22.192301587302314,22.192301587302318,22.19230158730232,22.19230158730232,22.19230158730232,22.19230158730232,22.19230158730232,22.192301587302325,22.192301587302325,22.192301587302325,22.192301587302325,22.192301587302325,22.19230158730233,22.19230158730234,22.192301587302346,22.19230158730235,22.19230158730235,22.192301587302346,22.192301587302342,22.192301587302342,22.19230158730234,22.192301587302335,22.192301587302335,22.192301587302335,22.19230158730233,22.192301587302325,22.19230158730232,22.192301587302318,22.192301587302314,22.192301587302314,22.192301587302314,22.192301587302307,22.192301587302303,22.192301587302296,22.19230158730229,22.192301587302286,22.192301587302282,22.192301587302282,22.192301587302282,22.192301587302282,22.192301587302282,22.192301587302282,22.19230158730228,22.192301587302275,22.19230158730227,22.192301587302264,22.192301587302257,22.192301587302246,22.19230158730224,22.192301587302232,22.192301587302225,22.192301587302214,22.192301587302207,22.192301587302204,22.192301587302197,22.192301587302193,22.192301587302193,22.192301587302193,22.192301587302197,22.192301587302197,22.1923015873022,22.192301587302204,22.192301587302207,22.192301587302218,22.192301587302225,22.192301587302236,22.192301587302243,22.192301587302254,22.192301587302268,22.192301587302282,22.19230158730229,22.192301587302296,22.192301587302307,22.192301587302318,22.192301587302328,22.192301587302335,22.192301587302342,22.192301587302353,22.192301587302364,22.19230158730237,22.19230158730238,22.19230158730239,22.1923015873024,22.192301587302406,22.192301587302413,22.19230158730242,22.192301587302424,22.192301587302424,22.192301587302424,22.192301587302424,22.192301587302424,22.192301587302424,22.192301587302424,22.192301587302428
0.9,1.94,22.312589285715106,22.312589285715102,22.312589285715102,22.312589285715102,22.312589285715102,22.312589285715102,22.312589285715102,22.312589285715106,22.312589285715102,22.312589285715102,22.312589285715102,22.312589285715102,22.312589285715106,22.312589285715106,22.31258928571511,22.312589285715113,22.312589285715116,22.312589285715113,22.312589285715116,22.312589285715116,22.312589285715124,22.31258928571513,22.312589285715138,22.312589285715134,22.312589285715134,22.312589285715138,22.312589285715138,22.31258928571513,22.312589285715127,22.312589285715127,22.312589285715127,22.31258928571512,22.312589285715116,22.312589285715113,22.31258928571511,22.312589285715102,22.3125892857151,22.31258928571509,22.312589285715088,22.312589285715088,22.31258928571508,22.312589285715077,22.312589285715074,22.312589285715074,22.312589285715074,22.31258928571507,22.31258928571507,22.312589285715067,22.312589285715063,22.31258928571506,22.31258928571506,22.312589285715053,22.31258928571505,22.312589285715042,22.31258928571503,22.31258928571502,22.312589285715017,22.312589285715006,22.312589285715,22.312589285714992,22.312589285714985,22.31258928571498,22.312589285714974,22.312589285714978,22.312589285714974,22.312589285714978,22.31258928571498,22.312589285714985,22.31258928571499,22.31258928571499,22.312589285715,22.31258928571501,22.312589285715017,22.312589285715028,22.312589285715042,22.312589285715056,22.312589285715067,22.312589285715077,22.312589285715084,22.312589285715095,22.312589285715106,22.312589285715116,22.312589285715127,22.312589285715134,22.312589285715145,22.312589285715152,22.312589285715163,22.312589285715166,22.312589285715173,22.31258928571518,22.312589285715188,22.312589285715195,22.312589285715205,22.312589285715212,22.312589285715216,22.31258928571522,22.31258928571522,22.312589285715223,22.312589285715227,22.31258928571523,22.31258928571523
1.0,1.94,22.432876984127894,22.432876984127898,22.432876984127898,22.432876984127894,22.432876984127894,22.432876984127898,22.432876984127898,22.432876984127898,22.432876984127898,22.4328769841279,22.432876984127905,22.432876984127905,22.432876984127905,22.432876984127905,22.432876984127905,22.43287698412791,22.43287698412791,22.43287698412791,22.43287698412791,22.432876984127915,22.43287698412792,22.432876984127923,22.432876984127926,22.43287698412793,22.432876984127926,22.432876984127926,22.432876984127926,22.432876984127923,22.43287698412792,22.432876984127915,22.432876984127915,22.43287698412791,22.4328769841279,22.432876984127898,22.43287698412789,22.432876984127887,22.432876984127883,22.432876984127876,22.432876984127873,22.43287698412787,22.432876984127866,22.432876984127866,22.43287698412786,22.432876984127855,22.43287698412785,22.43287698412785,22.43287698412785,22.43287698412785,22.432876984127848,22.43287698412784,22.432876984127837,22.432876984127834,22.43287698412783,22.432876984127823,22.432876984127816,22.43287698412781,22.432876984127805,22.4328769841278,22.432876984127798,22.432876984127788,22.43287698412778,22.432876984127777,22.432876984127773,22.432876984127773,22.432876984127777,22.432876984127777,22.432876984127777,22.432876984127777,22.432876984127777,22.43287698412778,22.432876984127788,22.4328769841278,22.432876984127812,22.432876984127823,22.432876984127834,22.432876984127848,22.432876984127855,22.432876984127866,22.43287698412788,22.432876984127887,22.432876984127894,22.4328769841279,22.432876984127912,22.432876984127923,22.432876984127933,22.43287698412794,22.43287698412795,22.432876984127958,22.432876984127965,22.432876984127972,22.43287698412798,22.432876984127986,22.432876984127994,22.432876984128,22.432876984128,22.432876984128004,22.432876984128004,22.432876984128004,22.432876984128008,22.43287698412801,22.43287698412801
1.1,1.94,22.553164682540693,22.553164682540693,22.553164682540693,22.553164682540693,22.553164682540697,22.5531646825407,22.5531646825407,22.5531646825407,22.5531646825407,22.5531646825407,22.553164682540704,22.5531646825407,22.5531646825407,22.5531646825407,22.5531646825407,22.5531646825407,22.553164682540704,22.553164682540704,22.553164682540704,22.553164682540707,22.55316468254071,22.553164682540714,22.553164682540714,22.553164682540714,22.553164682540714,22.553164682540718,22.553164682540718,22.553164682540718,22.553164682540718,22.553164682540714,22.55316468254071,22.553164682540707,22.553164682540704,22.553164682540697,22.55316468254069,22.553164682540686,22.553164682540682,22.553164682540675,22.553164682540668,22.55316468254066,22.553164682540658,22.55316468254065,22.553164682540643,22.55316468254064,22.55316468254064,22.553164682540636,22.55316468254064,22.55316468254064,22.55316468254064,22.553164682540636,22.553164682540633,22.553164682540626,22.55316468254062,22.55316468254061,22.553164682540608,22.553164682540604,22.553164682540604,22.553164682540597,22.553164682540586,22.553164682540576,22.553164682540572,22.55316468254057,22.553164682540565,22.553164682540565,22.553164682540565,22.55316468254057,22.55316468254057,22.553164682540572,22.553164682540576,22.55316468254058,22.553164682540586,22.553164682540597,22.553164682540608,22.55316468254062,22.55316468254063,22.553164682540636,22.553164682540647,22.553164682540658,22.553164682540668,22.55316468254068,22.553164682540686,22.553164682540697,22.553164682540704,22.553164682540718,22.553164682540725,22.553164682540732,22.55316468254074,22.55316468254075,22.553164682540757,22.553164682540768,22.553164682540775,22.553164682540785,22.553164682540793,22.553164682540796,22.553164682540796,22.553164682540796,22.553164682540796,22.5531646825408,22.553164682540796,22.5531646825408,22.5531646825408
1.2,1.94,22.673452380953492,22.67345238095349,22.67345238095349,22.67345238095349,22.67345238095349,22.673452380953492,22.67345238095349,22.673452380953492,22.67345238095349,22.67345238095349,22.673452380953492,22.673452380953492,22.673452380953492,22.67345238095349,22.67345238095349,22.673452380953492,22.673452380953496,22.673452380953496,22.6734523809535,22.673452380953503,22.67345238095351,22.673452380953517,22.67345238095352,22.673452380953517,22.673452380953513,22.673452380953513,22.673452380953513,22.67345238095351,22.67345238095351,22.673452380953506,22.673452380953503,22.6734523809535,22.673452380953492,22.673452380953485,22.673452380953474,22.673452380953467,22.673452380953464,22.673452380953456,22.67345238095345,22.673452380953446,22.67345238095344,22.673452380953435,22.673452380953428,22.673452380953428,22.673452380953428,22.673452380953428,22.673452380953428,22.673452380953428,22.673452380953428,22.673452380953425,22.67345238095342,22.673452380953414,22.673452380953407,22.673452380953403,22.673452380953396,22.67345238095339,22.673452380953385,22.67345238095338,22.67345238095337,22.67345238095336,22.673452380953353,22.67345238095335,22.673452380953346,22.673452380953346,22.67345238095335,22.67345238095335,22.673452380953353,22.673452380953357,22.67345238095336,22.673452380953364,22.67345238095337,22.673452380953382,22.673452380953396,22.673452380953403,22.673452380953414,22.673452380953428,22.67345238095344,22.67345238095345,22.67345238095346,22.67345238095347,22.673452380953478,22.673452380953485,22.673452380953496,22.673452380953503,22.67345238095351,22.673452380953517,22.673452380953528,22.673452380953535,22.67345238095354,22.673452380953556,22.673452380953563,22.67345238095357,22.67345238095357,22.673452380953574,22.673452380953577,22.673452380953577,22.67345238095358,22.67345238095358,22.67345238095358,22.673452380953584,22.673452380953584
1.3,1.94,22.793740079366284,22.793740079366284,22.793740079366284,22.79374007936628,22.793740079366284,22.793740079366284,22.79374007936628,22.793740079366284,22.793740079366284,22.79374007936628,22.79374007936628,22.79374007936628,22.793740079366277,22.793740079366277,22.793740079366277,22.793740079366277,22.79374007936628,22.793740079366277,22.793740079366277,22.79374007936628,22.793740079366287,22.79374007936629,22.793740079366295,22.793740079366298,22.7937400793663,22.7937400793663,22.7937400793663,22.793740079366298,22.793740079366298,22.793740079366295,22.79374007936629,22.793740079366287,22.79374007936628,22.793740079366273,22.79374007936627,22.793740079366266,22.793740079366266,22.79374007936626,22.793740079366252,22.793740079366245,22.79374007936624,22.793740079366238,22.793740079366234,22.79374007936623,22.793740079366227,22.793740079366223,22.793740079366223,22.793740079366223,22.79374007936622,22.793740079366216,22.79374007936621,22.793740079366206,22.793740079366202,22.7937400793662,22.79374007936619,22.79374007936618,22.793740079366177,22.79374007936617,22.79374007936616,22.793740079366152,22.793740079366145,22.79374007936614,22.793740079366135,22.793740079366135,22.793740079366135,22.793740079366135,22.79374007936614,22.793740079366145,22.793740079366152,22.793740079366156,22.793740079366167,22.793740079366177,22.793740079366188,22.7937400793662,22.79374007936621,22.793740079366223,22.79374007936623,22.79374007936624,22.793740079366252,22.79374007936626,22.79374007936627,22.793740079366277,22.793740079366287,22.793740079366295,22.7937400793663,22.793740079366312,22.793740079366323,22.793740079366327,22.793740079366337,22.79374007936635,22.793740079366355,22.793740079366362,22.79374007936637,22.793740079366376,22.793740079366376,22.793740079366376,22.79374007936638,22.793740079366383,22.793740079366383,22.793740079366383,22.793740079366387
1.4,1.94,22.91402777777907,22.91402777777907,22.91402777777907,22.91402777777907,22.91402777777907,22.914027777779072,22.914027777779072,22.91402777777907,22.914027777779072,22.914027777779076,22.914027777779076,22.91402777777908,22.91402777777908,22.91402777777908,22.91402777777908,22.91402777777908,22.91402777777908,22.91402777777908,22.91402777777908,22.914027777779083,22.914027777779083,22.914027777779086,22.914027777779086,22.914027777779086,22.91402777777909,22.91402777777909,22.91402777777909,22.91402777777909,22.91402777777909,22.914027777779086,22.914027777779083,22.91402777777908,22.914027777779072,22.914027777779065,22.914027777779058,22.91402777777905,22.914027777779047,22.914027777779044,22.91402777777904,22.914027777779037,22.914027777779033,22.91402777777903,22.914027777779026,22.91402777777902,22.914027777779015,22.914027777779015,22.914027777779015,22.914027777779015,22.914027777779012,22.914027777779005,22.914027777779,22.914027777778998,22.91402777777899,22.914027777778987,22.91402777777898,22.914027777778973,22.914027777778966,22.91402777777896,22.91402777777895,22.91402777777894,22.914027777778934,22.91402777777893,22.914027777778927,22.914027777778923,22.914027777778927,22.91402777777893,22.914027777778934,22.914027777778937,22.914027777778944,22.914027777778948,22.914027777778955,22.914027777778966,22.914027777778976,22.914027777778987,22.914027777778998,22.914027777779012,22.914027777779026,22.914027777779033,22.914027777779044,22.914027777779054,22.914027777779065,22.914027777779076,22.914027777779083,22.914027777779093,22.9140277777791,22.91402777777911,22.914027777779125,22.914027777779133,22.91402777777914,22.914027777779147,22.91402777777915,22.914027777779157,22.914027777779165,22.914027777779165,22.914027777779165,22.914027777779165,22.914027777779165,22.914027777779165,22.914027777779165,22.914027777779168,22.91402777777917
1.5,1.94,23.034315476191864,23.03431547619186,23.03431547619186,23.034315476191864,23.03431547619186,23.03431547619186,23.03431547619186,23.034315476191864,23.03431547619186,23.03431547619186,23.03431547619186,23.034315476191864,23.03431547619186,23.034315476191864,23.034315476191864,23.034315476191868,23.034315476191868,23.034315476191868,23.034315476191868,23.034315476191868,23.03431547619187,23.034315476191875,23.03431547619188,23.034315476191875,23.03431547619188,23.03431547619188,23.03431547619188,23.03431547619188,23.03431547619188,23.034315476191875,23.034315476191875,23.03431547619187,23.034315476191864,23.03431547619186,23.034315476191853,23.034315476191846,23.03431547619184,23.034315476191836,23.034315476191832,23.034315476191825,23.03431547619182,23.034315476191818,23.034315476191814,23.034315476191814,23.03431547619181,23.034315476191807,23.034315476191807,23.034315476191807,23.034315476191804,23.0343154761918,23.034315476191797,23.03431547619179,23.034315476191786,23.034315476191782,23.034315476191775,23.034315476191768,23.03431547619176,23.034315476191754,23.034315476191743,23.034315476191733,23.034315476191725,23.034315476191722,23.034315476191715,23.03431547619172,23.034315476191722,23.034315476191725,23.03431547619173,23.03431547619173,23.034315476191736,23.03431547619174,23.034315476191747,23.034315476191757,23.034315476191768,23.034315476191775,23.034315476191786,23.0343154761918,23.03431547619181,23.03431547619182,23.034315476191832,23.034315476191843,23.03431547619185,23.03431547619186,23.03431547619187,23.034315476191882,23.03431547619189,23.0343154761919,23.03431547619191,23.03431547619192,23.03431547619193,23.03431547619194,23.034315476191946,23.034315476191953,23.034315476191956,23.034315476191956,23.034315476191956,23.034315476191956,23.034315476191956,23.034315476191956,23.034315476191956,23.03431547619196,23.034315476191956
1.6,1.94,23.154603174604667,23.154603174604663,23.154603174604667,23.154603174604663,23.154603174604667,23.154603174604667,23.154603174604663,23.154603174604663,23.154603174604663,23.154603174604663,23.154603174604663,23.154603174604663,23.154603174604663,23.154603174604663,23.154603174604663,23.154603174604663,23.154603174604663,23.15460317460466,23.15460317460466,23.154603174604663,23.154603174604667,23.15460317460467,23.154603174604674,23.154603174604674,23.154603174604674,23.154603174604674,23.154603174604674,23.15460317460467,23.154603174604667,23.154603174604663,23.154603174604663,23.15460317460466,23.154603174604652,23.15460317460465,23.15460317460464,23.154603174604638,23.154603174604638,23.154603174604635,23.154603174604627,23.154603174604624,23.154603174604617,23.15460317460461,23.154603174604606,23.154603174604606,23.154603174604606,23.154603174604606,23.154603174604606,23.154603174604603,23.1546031746046,23.154603174604595,23.154603174604592,23.154603174604585,23.15460317460458,23.154603174604574,23.154603174604567,23.15460317460456,23.154603174604556,23.15460317460455,23.15460317460454,23.154603174604528,23.154603174604524,23.154603174604517,23.154603174604514,23.154603174604517,23.154603174604517,23.15460317460452,23.15460317460452,23.154603174604524,23.154603174604528,23.15460317460453,23.15460317460454,23.15460317460455,23.15460317460456,23.15460317460457,23.15460317460458,23.154603174604595,23.154603174604606,23.154603174604617,23.154603174604627,23.154603174604635,23.15460317460464,23.154603174604652,23.15460317460466,23.15460317460467,23.154603174604684,23.154603174604695,23.154603174604706,23.154603174604713,23.154603174604723,23.15460317460473,23.154603174604738,23.154603174604745,23.15460317460475,23.154603174604755,23.15460317460476,23.154603174604762,23.154603174604762,23.154603174604762,23.154603174604762,23.154603174604762,23.154603174604766
1.7,1.94,23.274890873017455,23.274890873017455,23.274890873017455,23.274890873017455,23.274890873017455,23.27489087301746,23.274890873017455,23.27489087301746,23.27489087301746,23.27489087301746,23.274890873017455,23.274890873017455,23.27489087301746,23.27489087301746,23.274890873017455,23.27489087301746,23.27489087301746,23.27489087301746,23.274890873017462,23.274890873017466,23.27489087301747,23.274890873017473,23.274890873017473,23.274890873017473,23.274890873017476,23.274890873017476,23.274890873017476,23.27489087301747,23.274890873017466,23.274890873017462,23.274890873017462,23.274890873017455,23.274890873017448,23.274890873017448,23.27489087301744,23.274890873017434,23.27489087301743,23.274890873017426,23.274890873017423,23.274890873017416,23.27489087301741,23.274890873017405,23.274890873017398,23.274890873017398,23.274890873017394,23.27489087301739,23.274890873017394,23.274890873017394,23.27489087301739,23.274890873017384,23.274890873017377,23.27489087301737,23.274890873017366,23.274890873017362,23.274890873017355,23.274890873017352,23.274890873017345,23.274890873017338,23.274890873017327,23.274890873017316,23.27489087301731,23.274890873017302,23.2748908730173,23.2748908730173,23.2748908730173,23.274890873017302,23.274890873017306,23.27489087301731,23.274890873017316,23.27489087301732,23.274890873017327,23.274890873017338,23.27489087301735,23.274890873017355,23.274890873017366,23.27489087301738,23.274890873017394,23.274890873017405,23.274890873017416,23.27489087301743,23.274890873017437,23.274890873017448,23.274890873017455,23.274890873017466,23.27489087301748,23.27489087301749,23.2748908730175,23.27489087301751,23.27489087301752,23.27489087301753,23.274890873017533,23.27489087301754,23.274890873017547,23.27489087301755,23.27489087301755,23.274890873017554,23.274890873017554,23.274890873017554,23.274890873017554,23.274890873017558,23.274890873017558
1.8,1.94,23.395178571430247,23.395178571430247,23.395178571430247,23.395178571430247,23.395178571430247,23.39517857143025,23.39517857143025,23.39517857143025,23.395178571430247,23.395178571430247,23.395178571430247,23.39517857143025,23.395178571430247,23.39517857143025,23.395178571430247,23.395178571430247,23.39517857143025,23.395178571430247,23.395178571430247,23.39517857143025,23.395178571430254,23.395178571430257,23.395178571430264,23.395178571430264,23.395178571430268,23.395178571430268,23.395178571430268,23.39517857143026,23.395178571430257,23.395178571430254,23.395178571430254,23.395178571430247,23.39517857143024,23.395178571430236,23.395178571430232,23.395178571430225,23.395178571430222,23.39517857143022,23.39517857143021,23.395178571430208,23.395178571430204,23.3951785714302,23.395178571430193,23.39517857143019,23.395178571430186,23.395178571430183,23.395178571430186,23.395178571430186,23.395178571430183,23.39517857143018,23.395178571430176,23.39517857143017,23.39517857143016,23.395178571430154,23.395178571430144,23.395178571430137,23.395178571430137,23.39517857143013,23.395178571430122,23.39517857143011,23.395178571430108,23.395178571430105,23.395178571430105,23.3951785714301,23.3951785714301,23.3951785714301,23.395178571430105,23.395178571430108,23.395178571430108,23.39517857143011,23.39517857143012,23.39517857143013,23.39517857143014,23.395178571430154,23.39517857143017,23.39517857143018,23.39517857143019,23.395178571430204,23.39517857143021,23.395178571430222,23.395178571430232,23.395178571430243,23.395178571430254,23.395178571430268,23.39517857143028,23.39517857143029,23.395178571430296,23.395178571430304,23.39517857143031,23.39517857143032,23.395178571430325,23.395178571430332,23.39517857143034,23.395178571430343,23.395178571430346,23.39517857143035,23.39517857143035,23.395178571430353,23.395178571430357,23.395178571430357,23.395178571430357
1.9,1.94,23.51546626984303,23.51546626984303,23.51546626984304,23.51546626984304,23.515466269843042,23.515466269843046,23.515466269843042,23.515466269843046,23.515466269843046,23.515466269843046,23.515466269843046,23.515466269843046,23.515466269843046,23.515466269843046,23.515466269843046,23.515466269843046,23.515466269843046,23.515466269843046,23.515466269843046,23.515466269843046,23.51546626984305,23.515466269843053,23.515466269843056,23.515466269843053,23.515466269843056,23.515466269843056,23.515466269843056,23.515466269843056,23.515466269843053,23.51546626984305,23.51546626984305,23.515466269843046,23.515466269843042,23.515466269843035,23.515466269843028,23.515466269843024,23.51546626984302,23.515466269843014,23.51546626984301,23.515466269843003,23.515466269843,23.515466269842996,23.51546626984299,23.515466269842985,23.51546626984298,23.515466269842978,23.515466269842978,23.515466269842978,23.515466269842975,23.51546626984297,23.515466269842968,23.515466269842964,23.515466269842957,23.515466269842953,23.51546626984295,23.515466269842946,23.51546626984294,23.515466269842932,23.51546626984292,23.515466269842907,23.5154662698429,23.515466269842896,23.515466269842893,23.515466269842893,23.515466269842893,23.515466269842896,23.5154662698429,23.515466269842904,23.515466269842907,23.51546626984291,23.515466269842918,23.51546626984293,23.515466269842936,23.515466269842946,23.51546626984296,23.515466269842978,23.51546626984299,23.515466269843,23.51546626984301,23.51546626984302,23.515466269843028,23.515466269843035,23.515466269843046,23.515466269843053,23.515466269843063,23.515466269843074,23.51546626984309,23.515466269843095,23.515466269843106,23.515466269843113,23.51546626984312,23.515466269843127,23.51546626984313,23.515466269843134,23.515466269843138,23.51546626984314,23.51546626984314,23.51546626984314,23.51546626984314,23.51546626984314,23.51546626984314
2.0,1.94,23.635753968255845,23.63575396825584,23.63575396825584,23.63575396825584,23.63575396825584,23.63575396825584,23.635753968255838,23.635753968255838,23.635753968255834,23.635753968255834,23.635753968255838,23.635753968255838,23.635753968255838,23.635753968255838,23.635753968255838,23.635753968255838,23.63575396825584,23.635753968255838,23.635753968255838,23.63575396825584,23.635753968255848,23.63575396825585,23.635753968255855,23.635753968255855,23.635753968255855,23.635753968255855,23.635753968255855,23.63575396825585,23.63575396825585,23.635753968255845,23.63575396825584,23.635753968255838,23.635753968255834,23.63575396825583,23.635753968255823,23.63575396825582,23.635753968255813,23.63575396825581,23.635753968255802,23.635753968255795,23.635753968255788,23.635753968255784,23.63575396825578,23.635753968255777,23.63575396825577,23.63575396825577,23.63575396825577,23.63575396825577,23.635753968255766,23.63575396825576,23.635753968255756,23.635753968255752,23.63575396825575,23.635753968255745,23.635753968255738,23.635753968255734,23.635753968255727,23.63575396825572,23.635753968255717,23.635753968255706,23.635753968255703,23.6357539682557,23.635753968255695,23.635753968255695,23.635753968255695,23.635753968255695,23.635753968255695,23.635753968255695,23.6357539682557,23.635753968255703,23.63575396825571,23.63575396825572,23.635753968255734,23.63575396825575,23.63575396825576,23.635753968255774,23.635753968255784,23.6357539682558,23.63575396825581,23.63575396825582,23.635753968255827,23.635753968255838,23.635753968255848,23.635753968255862,23.635753968255873,23.635753968255884,23.635753968255894,23.6357539682559,23.63575396825591,23.63575396825592,23.635753968255923,23.63575396825593,23.635753968255937,23.63575396825594,23.63575396825594,23.63575396825594,23.63575396825594,23.63575396825594,23.635753968255944,23.635753968255948,23.635753968255948
2.1,1.94,23.756041666668633,23.756041666668633,23.756041666668633,23.756041666668636,23.756041666668633,23.756041666668636,23.756041666668633,23.756041666668636,23.756041666668633,23.756041666668633,23.756041666668633,23.756041666668633,23.756041666668633,23.756041666668636,23.756041666668636,23.75604166666864,23.75604166666864,23.75604166666864,23.75604166666864,23.756041666668644,23.756041666668647,23.756041666668654,23.756041666668658,23.756041666668658,23.756041666668658,23.756041666668658,23.756041666668658,23.756041666668658,23.756041666668654,23.756041666668654,23.75604166666865,23.756041666668644,23.756041666668636,23.75604166666863,23.756041666668622,23.756041666668615,23.756041666668608,23.7560416666686,23.756041666668597,23.756041666668594,23.756041666668587,23.75604166666858,23.756041666668576,23.756041666668573,23.756041666668565,23.756041666668562,23.756041666668562,23.756041666668562,23.75604166666856,23.756041666668555,23.756041666668555,23.756041666668548,23.756041666668544,23.756041666668537,23.75604166666853,23.756041666668523,23.756041666668523,23.756041666668516,23.756041666668505,23.756041666668494,23.756041666668487,23.756041666668484,23.75604166666848,23.75604166666848,23.75604166666848,23.756041666668484,23.75604166666849,23.756041666668494,23.756041666668498,23.756041666668498,23.75604166666851,23.75604166666852,23.75604166666853,23.75604166666854,23.75604166666855,23.756041666668565,23.756041666668576,23.75604166666859,23.756041666668605,23.756041666668615,23.756041666668626,23.756041666668633,23.756041666668644,23.756041666668654,23.75604166666866,23.756041666668672,23.756041666668686,23.756041666668693,23.756041666668704,23.756041666668715,23.75604166666872,23.75604166666873,23.756041666668736,23.756041666668743,23.756041666668743,23.756041666668747,23.756041666668747,23.756041666668747,23.756041666668747,23.756041666668747,23.756041666668747
2.2,1.94,23.87632936508143,23.87632936508143,23.876329365081432,23.876329365081432,23.876329365081435,23.876329365081435,23.876329365081435,23.876329365081435,23.876329365081435,23.876329365081435,23.87632936508144,23.876329365081443,23.87632936508144,23.87632936508144,23.87632936508144,23.876329365081443,23.876329365081443,23.87632936508144,23.87632936508144,23.876329365081443,23.87632936508145,23.876329365081453,23.876329365081457,23.87632936508146,23.87632936508146,23.87632936508146,23.87632936508146,23.876329365081453,23.87632936508145,23.87632936508145,23.876329365081446,23.87632936508144,23.876329365081432,23.876329365081425,23.876329365081418,23.876329365081414,23.876329365081407,23.8763293650814,23.876329365081393,23.87632936508139,23.876329365081386,23.876329365081382,23.876329365081375,23.87632936508137,23.876329365081368,23.876329365081364,23.876329365081364,23.87632936508136,23.876329365081357,23.876329365081354,23.87632936508135,23.876329365081347,23.876329365081343,23.87632936508134,23.876329365081332,23.876329365081325,23.87632936508132,23.876329365081315,23.876329365081308,23.876329365081293,23.87632936508129,23.876329365081286,23.876329365081283,23.87632936508128,23.87632936508128,23.87632936508128,23.876329365081283,23.876329365081286,23.876329365081297,23.8763293650813,23.876329365081308,23.876329365081318,23.876329365081332,23.876329365081343,23.876329365081354,23.876329365081368,23.87632936508138,23.87632936508139,23.8763293650814,23.87632936508141,23.876329365081418,23.876329365081432,23.87632936508144,23.87632936508145,23.87632936508146,23.87632936508147,23.87632936508148,23.876329365081492,23.876329365081503,23.876329365081517,23.87632936508152,23.876329365081528,23.87632936508153,23.876329365081535,23.876329365081535,23.87632936508154,23.876329365081535,23.87632936508154,23.876329365081542,23.876329365081546,23.876329365081546
2.3,1.94,23.996617063494234,23.99661706349423,23.99661706349423,23.99661706349423,23.99661706349423,23.996617063494234,23.99661706349423,23.996617063494234,23.99661706349423,23.996617063494234,23.996617063494238,23.996617063494238,23.996617063494238,23.996617063494238,23.996617063494238,23.996617063494238,23.996617063494238,23.996617063494234,23.99661706349423,23.996617063494238,23.99661706349424,23.996617063494245,23.996617063494245,23.99661706349425,23.996617063494245,23.99661706349425,23.99661706349425,23.99661706349425,23.996617063494245,23.99661706349424,23.996617063494238,23.996617063494234,23.996617063494227,23.996617063494224,23.996617063494213,23.996617063494206,23.996617063494202,23.996617063494195,23.996617063494188,23.99661706349418,23.996617063494178,23.996617063494174,23.99661706349417,23.996617063494167,23.99661706349416,23.996617063494156,23.996617063494156,23.996617063494156,23.996617063494156,23.996617063494153,23.996617063494153,23.996617063494146,23.99661706349414,23.99661706349413,23.996617063494117,23.99661706349411,23.996617063494107,23.996617063494103,23.996617063494096,23.99661706349408,23.996617063494078,23.996617063494075,23.996617063494067,23.99661706349407,23.996617063494075,23.996617063494078,23.99661706349408,23.996617063494085,23.99661706349409,23.996617063494092,23.9966170634941,23.99661706349411,23.996617063494117,23.996617063494128,23.996617063494142,23.996617063494156,23.99661706349417,23.99661706349418,23.99661706349419,23.996617063494206,23.996617063494213,23.996617063494224,23.996617063494234,23.996617063494245,23.996617063494256,23.996617063494266,23.99661706349428,23.996617063494288,23.996617063494295,23.996617063494305,23.996617063494313,23.99661706349432,23.996617063494323,23.99661706349433,23.996617063494334,23.996617063494337,23.99661706349434,23.996617063494345,23.99661706349434,23.99661706349434,23.99661706349434
2.4,1.94,24.116904761907037,24.116904761907037,24.11690476190704,24.116904761907037,24.116904761907037,24.11690476190704,24.116904761907037,24.116904761907037,24.116904761907037,24.116904761907037,24.116904761907037,24.116904761907037,24.11690476190704,24.116904761907044,24.116904761907044,24.116904761907044,24.116904761907044,24.11690476190704,24.116904761907037,24.11690476190704,24.116904761907044,24.11690476190705,24.11690476190705,24.11690476190705,24.116904761907055,24.11690476190705,24.116904761907048,24.116904761907044,24.116904761907044,24.11690476190704,24.116904761907037,24.11690476190703,24.116904761907023,24.116904761907023,24.116904761907016,24.11690476190701,24.116904761907005,24.116904761907,24.116904761906998,24.116904761906994,24.11690476190699,24.116904761906984,24.11690476190698,24.116904761906973,24.11690476190697,24.116904761906966,24.116904761906966,24.116904761906966,24.116904761906962,24.116904761906955,24.11690476190695,24.116904761906948,24.11690476190694,24.116904761906934,24.116904761906923,24.116904761906916,24.116904761906913,24.116904761906905,24.1169047619069,24.116904761906888,24.11690476190688,24.11690476190688,24.116904761906877,24.116904761906877,24.116904761906877,24.116904761906877,24.116904761906877,24.116904761906877,24.116904761906884,24.11690476190689,24.1169047619069,24.116904761906913,24.11690476190692,24.11690476190693,24.11690476190694,24.11690476190695,24.116904761906962,24.116904761906977,24.116904761906987,24.116904761906998,24.11690476190701,24.11690476190702,24.116904761907026,24.11690476190704,24.116904761907055,24.116904761907062,24.116904761907076,24.116904761907087,24.116904761907094,24.116904761907104,24.11690476190711,24.116904761907122,24.11690476190713,24.116904761907133,24.116904761907133,24.116904761907136,24.116904761907136,24.11690476190714,24.11690476190714,24.116904761907143,24.116904761907143
2.5,1.94,24.23719246031982,24.23719246031982,24.237192460319825,24.237192460319825,24.237192460319825,24.23719246031983,24.23719246031983,24.23719246031983,24.23719246031983,24.23719246031983,24.23719246031983,24.237192460319825,24.23719246031983,24.237192460319832,24.237192460319832,24.237192460319836,24.23719246031984,24.23719246031984,24.23719246031984,24.237192460319843,24.23719246031985,24.237192460319854,24.23719246031986,24.237192460319857,24.237192460319857,24.237192460319857,24.237192460319854,24.23719246031985,24.237192460319847,24.237192460319843,24.23719246031984,24.237192460319836,24.23719246031983,24.23719246031982,24.237192460319815,24.237192460319807,24.237192460319804,24.2371924603198,24.237192460319793,24.237192460319786,24.237192460319783,24.23719246031978,24.237192460319772,24.23719246031977,24.237192460319765,24.237192460319765,24.237192460319765,24.23719246031976,24.237192460319758,24.237192460319754,24.237192460319747,24.23719246031974,24.237192460319736,24.23719246031973,24.237192460319722,24.23719246031972,24.23719246031971,24.237192460319704,24.237192460319694,24.23719246031968,24.237192460319672,24.23719246031967,24.23719246031967,24.23719246031967,24.237192460319672,24.237192460319676,24.237192460319676,24.23719246031968,24.237192460319683,24.237192460319683,24.237192460319694,24.237192460319704,24.237192460319715,24.237192460319726,24.237192460319736,24.23719246031975,24.237192460319765,24.237192460319775,24.237192460319786,24.237192460319797,24.237192460319804,24.23719246031981,24.23719246031982,24.237192460319832,24.237192460319847,24.237192460319857,24.237192460319868,24.23719246031988,24.23719246031989,24.2371924603199,24.237192460319907,24.237192460319914,24.23719246031992,24.237192460319925,24.23719246031993,24.237192460319932,24.237192460319935,24.237192460319935,24.237192460319935,24.237192460319942,24.237192460319946
2.6,1.94,24.357480158732635,24.35748015873263,24.35748015873263,24.35748015873263,24.35748015873263,24.35748015873263,24.35748015873263,24.35748015873263,24.35748015873263,24.35748015873263,24.35748015873263,24.35748015873263,24.35748015873263,24.35748015873263,24.357480158732635,24.35748015873264,24.35748015873264,24.35748015873264,24.35748015873264,24.357480158732642,24.357480158732645,24.35748015873265,24.35748015873265,24.35748015873265,24.357480158732653,24.357480158732653,24.357480158732653,24.35748015873265,24.357480158732645,24.357480158732642,24.357480158732642,24.35748015873264,24.357480158732635,24.357480158732628,24.357480158732617,24.35748015873261,24.357480158732606,24.3574801587326,24.357480158732592,24.35748015873259,24.35748015873258,24.357480158732578,24.357480158732574,24.35748015873257,24.357480158732567,24.357480158732564,24.357480158732564,24.357480158732564,24.35748015873256,24.357480158732553,24.357480158732546,24.357480158732542,24.357480158732535,24.35748015873253,24.35748015873252,24.357480158732514,24.35748015873251,24.3574801587325,24.357480158732493,24.357480158732482,24.35748015873248,24.357480158732475,24.357480158732468,24.357480158732468,24.357480158732468,24.35748015873247,24.35748015873248,24.357480158732482,24.357480158732486,24.35748015873249,24.357480158732496,24.357480158732503,24.357480158732514,24.357480158732525,24.357480158732535,24.357480158732546,24.357480158732557,24.35748015873257,24.35748015873258,24.357480158732592,24.3574801587326,24.35748015873261,24.35748015873262,24.35748015873263,24.357480158732642,24.357480158732653,24.357480158732667,24.357480158732677,24.357480158732688,24.357480158732702,24.35748015873271,24.35748015873272,24.357480158732727,24.35748015873273,24.35748015873273,24.35748015873273,24.35748015873273,24.357480158732734,24.35748015873273,24.357480158732734,24.357480158732734
2.7,1.94,24.477767857145427,24.477767857145423,24.477767857145427,24.477767857145423,24.477767857145423,24.477767857145427,24.477767857145427,24.477767857145427,24.477767857145423,24.477767857145423,24.477767857145427,24.47776785714543,24.47776785714543,24.47776785714543,24.47776785714543,24.477767857145434,24.477767857145437,24.477767857145437,24.47776785714544,24.477767857145444,24.477767857145448,24.47776785714545,24.477767857145455,24.477767857145455,24.47776785714545,24.47776785714545,24.47776785714545,24.477767857145448,24.477767857145444,24.477767857145444,24.477767857145444,24.477767857145437,24.47776785714543,24.477767857145423,24.477767857145416,24.47776785714541,24.477767857145405,24.4777678571454,24.47776785714539,24.477767857145384,24.47776785714538,24.477767857145377,24.47776785714537,24.477767857145366,24.477767857145363,24.47776785714536,24.47776785714536,24.477767857145356,24.477767857145352,24.47776785714535,24.47776785714535,24.477767857145345,24.477767857145338,24.47776785714533,24.47776785714532,24.477767857145313,24.47776785714531,24.477767857145302,24.47776785714529,24.47776785714528,24.477767857145274,24.47776785714527,24.477767857145267,24.477767857145263,24.477767857145263,24.477767857145267,24.47776785714527,24.477767857145274,24.47776785714528,24.477767857145288,24.4777678571453,24.47776785714531,24.47776785714532,24.47776785714533,24.47776785714534,24.477767857145356,24.477767857145366,24.477767857145377,24.477767857145384,24.477767857145395,24.477767857145402,24.477767857145412,24.477767857145427,24.477767857145437,24.477767857145448,24.47776785714546,24.47776785714547,24.47776785714548,24.477767857145487,24.477767857145498,24.477767857145505,24.477767857145512,24.47776785714552,24.477767857145526,24.477767857145526,24.47776785714553,24.477767857145533,24.477767857145537,24.47776785714554,24.477767857145537,24.477767857145537
2.8,1.94,24.598055555558222,24.598055555558222,24.598055555558226,24.598055555558226,24.598055555558226,24.59805555555823,24.598055555558226,24.598055555558226,24.598055555558226,24.598055555558226,24.59805555555823,24.59805555555823,24.59805555555823,24.59805555555823,24.598055555558233,24.598055555558236,24.59805555555824,24.59805555555824,24.598055555558243,24.598055555558243,24.59805555555825,24.598055555558258,24.59805555555826,24.59805555555826,24.598055555558265,24.59805555555826,24.59805555555826,24.598055555558258,24.598055555558254,24.598055555558247,24.598055555558243,24.59805555555824,24.598055555558233,24.598055555558233,24.598055555558226,24.59805555555822,24.59805555555821,24.598055555558204,24.598055555558197,24.59805555555819,24.59805555555818,24.598055555558172,24.59805555555817,24.59805555555816,24.598055555558158,24.598055555558158,24.598055555558158,24.598055555558158,24.598055555558155,24.59805555555815,24.59805555555815,24.598055555558144,24.59805555555814,24.598055555558133,24.598055555558126,24.59805555555812,24.598055555558112,24.598055555558105,24.598055555558094,24.598055555558084,24.598055555558076,24.598055555558073,24.598055555558073,24.598055555558073,24.598055555558073,24.598055555558076,24.598055555558076,24.59805555555808,24.598055555558084,24.598055555558087,24.598055555558094,24.598055555558105,24.598055555558116,24.598055555558126,24.598055555558137,24.59805555555815,24.59805555555816,24.598055555558172,24.598055555558183,24.598055555558194,24.598055555558204,24.59805555555822,24.598055555558233,24.598055555558243,24.598055555558254,24.598055555558265,24.598055555558275,24.59805555555828,24.598055555558286,24.5980555555583,24.598055555558307,24.59805555555831,24.598055555558318,24.598055555558325,24.59805555555833,24.598055555558332,24.598055555558336,24.598055555558336,24.598055555558336,24.598055555558336,24.598055555558336
2.9,1.94,24.718343253971035,24.718343253971035,24.71834325397104,24.718343253971035,24.718343253971035,24.71834325397104,24.718343253971035,24.718343253971035,24.71834325397103,24.71834325397103,24.718343253971035,24.718343253971035,24.718343253971035,24.718343253971035,24.718343253971035,24.71834325397104,24.71834325397104,24.71834325397104,24.718343253971042,24.718343253971046,24.71834325397105,24.718343253971057,24.71834325397106,24.71834325397106,24.71834325397106,24.71834325397106,24.71834325397106,24.71834325397106,24.718343253971057,24.718343253971057,24.718343253971053,24.718343253971046,24.71834325397104,24.718343253971035,24.718343253971028,24.718343253971018,24.71834325397101,24.718343253971007,24.718343253971,24.718343253970993,24.718343253970986,24.71834325397098,24.718343253970975,24.718343253970975,24.718343253970968,24.718343253970968,24.718343253970968,24.718343253970964,24.71834325397096,24.71834325397096,24.718343253970954,24.718343253970946,24.71834325397094,24.718343253970932,24.718343253970925,24.718343253970918,24.718343253970914,24.718343253970904,24.71834325397089,24.718343253970875,24.71834325397087,24.718343253970865,24.718343253970858,24.71834325397086,24.71834325397086,24.718343253970865,24.71834325397087,24.718343253970872,24.71834325397088,24.718343253970883,24.718343253970893,24.718343253970904,24.718343253970914,24.71834325397093,24.718343253970943,24.718343253970954,24.718343253970964,24.71834325397097,24.718343253970982,24.718343253970993,24.718343253971003,24.718343253971014,24.718343253971025,24.718343253971035,24.718343253971046,24.718343253971057,24.71834325397107,24.718343253971078,24.71834325397109,24.718343253971103,24.71834325397111,24.718343253971117,24.718343253971124,24.718343253971135,24.71834325397114,24.718343253971142,24.718343253971142,24.718343253971145,24.71834325397115,24.71834325397115,24.71834325397115
3.0,1.94,24.838630952383845,24.83863095238384,24.83863095238384,24.83863095238384,24.83863095238384,24.838630952383845,24.83863095238384,24.838630952383838,24.838630952383838,24.838630952383838,24.838630952383845,24.83863095238384,24.83863095238384,24.838630952383845,24.83863095238384,24.83863095238384,24.838630952383845,24.83863095238384,24.83863095238384,24.83863095238384,24.83863095238385,24.838630952383856,24.83863095238386,24.83863095238386,24.838630952383863,24.83863095238386,24.838630952383863,24.838630952383856,24.838630952383852,24.83863095238385,24.83863095238385,24.83863095238384,24.838630952383834,24.838630952383827,24.83863095238382,24.838630952383813,24.83863095238381,24.838630952383802,24.838630952383795,24.838630952383788,24.83863095238378,24.83863095238378,24.838630952383774,24.83863095238377,24.838630952383767,24.838630952383763,24.838630952383763,24.83863095238376,24.838630952383756,24.838630952383753,24.838630952383753,24.838630952383742,24.83863095238374,24.838630952383735,24.838630952383724,24.838630952383717,24.83863095238371,24.838630952383703,24.838630952383692,24.83863095238368,24.838630952383674,24.83863095238367,24.838630952383664,24.838630952383667,24.83863095238367,24.838630952383674,24.838630952383678,24.838630952383678,24.838630952383685,24.83863095238369,24.838630952383696,24.838630952383706,24.838630952383713,24.838630952383724,24.83863095238374,24.838630952383753,24.838630952383767,24.838630952383777,24.838630952383788,24.8386309523838,24.838630952383806,24.838630952383816,24.83863095238383,24.83863095238384,24.838630952383852,24.838630952383863,24.838630952383877,24.838630952383884,24.838630952383895,24.83863095238391,24.838630952383916,24.838630952383923,24.83863095238393,24.838630952383934,24.838630952383937,24.83863095238394,24.838630952383944,24.838630952383948,24.838630952383948,24.83863095238395,24.83863095238395
3.1,1.94,24.958918650796637,24.958918650796637,24.958918650796633,24.958918650796633,24.958918650796637,24.95891865079664,24.958918650796637,24.95891865079664,24.95891865079664,24.95891865079664,24.958918650796644,24.958918650796644,24.958918650796644,24.958918650796644,24.958918650796644,24.958918650796644,24.958918650796647,24.958918650796647,24.958918650796647,24.95891865079665,24.958918650796658,24.95891865079666,24.958918650796665,24.95891865079667,24.958918650796665,24.95891865079666,24.95891865079666,24.958918650796655,24.95891865079665,24.958918650796647,24.958918650796644,24.95891865079664,24.958918650796633,24.958918650796626,24.95891865079662,24.958918650796612,24.95891865079661,24.958918650796605,24.958918650796598,24.95891865079659,24.958918650796583,24.95891865079658,24.958918650796576,24.95891865079657,24.958918650796562,24.95891865079656,24.95891865079656,24.95891865079656,24.958918650796555,24.958918650796555,24.958918650796555,24.958918650796548,24.95891865079654,24.958918650796537,24.95891865079653,24.95891865079652,24.958918650796516,24.95891865079651,24.958918650796498,24.958918650796484,24.958918650796477,24.95891865079647,24.958918650796463,24.958918650796463,24.958918650796463,24.958918650796463,24.958918650796466,24.958918650796473,24.958918650796477,24.95891865079648,24.958918650796488,24.958918650796498,24.95891865079651,24.958918650796523,24.95891865079654,24.95891865079655,24.958918650796562,24.958918650796573,24.958918650796587,24.958918650796598,24.958918650796605,24.958918650796615,24.958918650796626,24.95891865079664,24.958918650796647,24.958918650796658,24.958918650796672,24.958918650796683,24.958918650796694,24.958918650796704,24.95891865079671,24.958918650796722,24.958918650796733,24.95891865079674,24.958918650796743,24.958918650796743,24.958918650796743,24.958918650796747,24.958918650796743,24.958918650796747,24.958918650796747
3.2,1.94,25.07920634920944,25.07920634920944,25.079206349209443,25.07920634920944,25.07920634920944,25.079206349209443,25.079206349209443,25.07920634920944,25.079206349209443,25.07920634920944,25.07920634920944,25.079206349209436,25.079206349209436,25.079206349209436,25.079206349209436,25.079206349209436,25.07920634920944,25.079206349209436,25.079206349209436,25.07920634920944,25.079206349209446,25.07920634920945,25.079206349209457,25.079206349209457,25.079206349209453,25.079206349209457,25.079206349209457,25.07920634920945,25.079206349209446,25.079206349209443,25.079206349209443,25.079206349209436,25.07920634920943,25.07920634920942,25.079206349209414,25.07920634920941,25.079206349209407,25.0792063492094,25.079206349209397,25.079206349209393,25.079206349209386,25.079206349209382,25.07920634920938,25.07920634920937,25.079206349209368,25.079206349209365,25.079206349209365,25.079206349209365,25.07920634920936,25.079206349209358,25.079206349209354,25.079206349209343,25.079206349209336,25.079206349209333,25.079206349209322,25.079206349209315,25.079206349209308,25.0792063492093,25.07920634920929,25.07920634920928,25.079206349209272,25.07920634920927,25.07920634920926,25.07920634920926,25.079206349209265,25.07920634920927,25.079206349209272,25.079206349209272,25.079206349209276,25.07920634920928,25.07920634920929,25.0792063492093,25.079206349209315,25.07920634920933,25.07920634920934,25.079206349209354,25.079206349209368,25.079206349209382,25.079206349209397,25.07920634920941,25.07920634920942,25.079206349209432,25.07920634920944,25.07920634920945,25.07920634920946,25.07920634920947,25.079206349209482,25.079206349209493,25.0792063492095,25.07920634920951,25.079206349209517,25.079206349209525,25.07920634920953,25.079206349209535,25.079206349209535,25.079206349209535,25.07920634920954,25.079206349209542,25.079206349209542,25.079206349209546,25.079206349209546
3.3,1.94,25.19949404762225,25.199494047622245,25.199494047622245,25.199494047622245,25.199494047622245,25.19949404762225,25.19949404762225,25.19949404762225,25.19949404762225,25.199494047622245,25.199494047622245,25.19949404762225,25.19949404762225,25.199494047622245,25.199494047622245,25.199494047622245,25.19949404762225,25.199494047622245,25.19949404762224,25.19949404762225,25.199494047622252,25.199494047622256,25.199494047622263,25.19949404762226,25.19949404762226,25.199494047622256,25.199494047622256,25.199494047622252,25.19949404762225,25.19949404762224,25.19949404762224,25.199494047622238,25.19949404762223,25.19949404762223,25.199494047622224,25.19949404762222,25.199494047622213,25.199494047622206,25.199494047622203,25.199494047622196,25.19949404762219,25.19949404762218,25.199494047622174,25.19949404762217,25.199494047622164,25.19949404762216,25.19949404762216,25.199494047622157,25.199494047622153,25.199494047622153,25.199494047622146,25.19949404762214,25.199494047622135,25.19949404762213,25.199494047622125,25.199494047622117,25.19949404762211,25.199494047622103,25.199494047622096,25.199494047622082,25.19949404762208,25.199494047622075,25.199494047622068,25.199494047622068,25.19949404762207,25.199494047622075,25.19949404762208,25.199494047622082,25.199494047622085,25.19949404762209,25.199494047622096,25.199494047622107,25.199494047622117,25.199494047622128,25.199494047622142,25.199494047622157,25.19949404762217,25.199494047622185,25.199494047622196,25.199494047622206,25.199494047622217,25.199494047622224,25.199494047622235,25.19949404762225,25.199494047622263,25.199494047622274,25.199494047622284,25.19949404762229,25.199494047622302,25.199494047622316,25.19949404762232,25.19949404762233,25.199494047622338,25.19949404762234,25.19949404762234,25.19949404762234,25.19949404762234,25.199494047622345,25.199494047622345,25.19949404762235,25.19949404762235
3.4,1.94,25.319781746035037,25.319781746035034,25.319781746035037,25.319781746035034,25.319781746035037,25.31978174603504,25.319781746035034,25.319781746035034,25.319781746035037,25.31978174603504,25.31978174603504,25.31978174603504,25.31978174603504,25.319781746035044,25.319781746035044,25.319781746035044,25.319781746035044,25.319781746035044,25.319781746035044,25.319781746035048,25.31978174603505,25.31978174603506,25.319781746035062,25.319781746035062,25.31978174603506,25.31978174603506,25.31978174603506,25.319781746035055,25.31978174603505,25.319781746035048,25.319781746035044,25.31978174603504,25.319781746035034,25.31978174603503,25.31978174603502,25.319781746035012,25.31978174603501,25.319781746035005,25.319781746034998,25.319781746034995,25.319781746034987,25.31978174603498,25.319781746034977,25.319781746034973,25.319781746034973,25.31978174603497,25.31978174603497,25.319781746034966,25.319781746034963,25.319781746034955,25.319781746034952,25.319781746034945,25.31978174603494,25.319781746034934,25.319781746034927,25.31978174603492,25.319781746034916,25.319781746034906,25.3197817460349,25.319781746034888,25.31978174603488,25.319781746034874,25.31978174603487,25.31978174603487,25.319781746034874,25.319781746034874,25.319781746034877,25.31978174603488,25.319781746034884,25.319781746034888,25.3197817460349,25.31978174603491,25.31978174603492,25.31978174603493,25.31978174603495,25.319781746034963,25.319781746034977,25.319781746034987,25.319781746034998,25.319781746035012,25.31978174603502,25.31978174603503,25.31978174603504,25.31978174603505,25.319781746035062,25.319781746035073,25.319781746035083,25.319781746035094,25.3197817460351,25.319781746035112,25.31978174603512,25.319781746035126,25.319781746035133,25.31978174603514,25.319781746035144,25.319781746035147,25.319781746035147,25.319781746035147,25.319781746035147,25.319781746035147,25.319781746035147
3.5,1.94,25.44006944444784,25.44006944444784,25.44006944444784,25.44006944444784,25.44006944444784,25.440069444447843,25.440069444447843,25.440069444447843,25.44006944444784,25.44006944444784,25.44006944444784,25.44006944444784,25.44006944444784,25.44006944444784,25.44006944444784,25.44006944444784,25.440069444447843,25.440069444447843,25.440069444447847,25.44006944444785,25.440069444447854,25.44006944444786,25.440069444447865,25.440069444447865,25.440069444447865,25.440069444447865,25.440069444447865,25.440069444447857,25.44006944444785,25.440069444447847,25.440069444447847,25.44006944444784,25.44006944444783,25.440069444447822,25.440069444447815,25.44006944444781,25.44006944444781,25.440069444447804,25.4400694444478,25.440069444447794,25.440069444447786,25.440069444447783,25.44006944444778,25.44006944444778,25.440069444447776,25.440069444447772,25.440069444447772,25.440069444447772,25.44006944444777,25.44006944444776,25.440069444447758,25.44006944444775,25.440069444447747,25.44006944444774,25.44006944444773,25.440069444447722,25.44006944444772,25.44006944444771,25.4400694444477,25.44006944444769,25.440069444447687,25.44006944444768,25.440069444447676,25.440069444447676,25.440069444447676,25.440069444447676,25.440069444447683,25.44006944444769,25.440069444447694,25.440069444447698,25.44006944444771,25.440069444447722,25.44006944444773,25.44006944444774,25.440069444447754,25.44006944444777,25.440069444447783,25.440069444447794,25.440069444447804,25.44006944444782,25.440069444447825,25.440069444447836,25.440069444447847,25.440069444447857,25.440069444447868,25.44006944444788,25.44006944444789,25.4400694444479,25.440069444447907,25.440069444447918,25.44006944444792,25.44006944444793,25.440069444447936,25.44006944444794,25.440069444447943,25.440069444447946,25.44006944444795,25.440069444447957,25.440069444447953,25.440069444447957,25.44006944444796
3.6,1.94,25.56035714286065,25.56035714286065,25.56035714286065,25.56035714286065,25.56035714286065,25.560357142860653,25.56035714286065,25.56035714286065,25.56035714286065,25.56035714286065,25.56035714286065,25.560357142860653,25.56035714286065,25.56035714286065,25.56035714286065,25.56035714286065,25.560357142860653,25.56035714286065,25.56035714286065,25.560357142860653,25.560357142860656,25.56035714286066,25.560357142860664,25.560357142860667,25.560357142860667,25.560357142860667,25.560357142860664,25.560357142860656,25.560357142860653,25.560357142860646,25.560357142860642,25.56035714286064,25.56035714286063,25.560357142860624,25.560357142860617,25.56035714286061,25.560357142860607,25.5603571428606,25.560357142860592,25.56035714286059,25.560357142860585,25.56035714286058,25.560357142860575,25.560357142860575,25.56035714286057,25.56035714286057,25.56035714286057,25.560357142860568,25.56035714286056,25.560357142860557,25.560357142860553,25.560357142860546,25.560357142860543,25.560357142860536,25.56035714286053,25.56035714286052,25.56035714286052,25.56035714286051,25.5603571428605,25.560357142860493,25.560357142860486,25.560357142860482,25.560357142860475,25.56035714286047,25.560357142860475,25.560357142860475,25.56035714286048,25.560357142860482,25.56035714286049,25.560357142860493,25.5603571428605,25.56035714286051,25.560357142860525,25.56035714286054,25.560357142860553,25.56035714286057,25.560357142860582,25.560357142860596,25.560357142860607,25.56035714286062,25.56035714286063,25.560357142860642,25.560357142860653,25.560357142860664,25.560357142860674,25.560357142860685,25.5603571428607,25.56035714286071,25.56035714286072,25.560357142860735,25.56035714286074,25.560357142860745,25.560357142860752,25.560357142860756,25.56035714286076,25.56035714286076,25.56035714286076,25.56035714286076,25.56035714286076,25.56035714286076,25.560357142860763
3.7,1.94,25.68064484127346,25.680644841273455,25.680644841273455,25.680644841273455,25.68064484127346,25.68064484127346,25.680644841273455,25.68064484127346,25.680644841273455,25.680644841273455,25.680644841273455,25.680644841273455,25.680644841273455,25.68064484127346,25.680644841273455,25.680644841273455,25.68064484127346,25.680644841273455,25.680644841273455,25.680644841273455,25.680644841273462,25.680644841273466,25.68064484127347,25.68064484127347,25.680644841273473,25.680644841273473,25.680644841273473,25.680644841273466,25.680644841273462,25.68064484127346,25.680644841273452,25.680644841273445,25.680644841273434,25.68064484127343,25.680644841273423,25.680644841273416,25.680644841273413,25.680644841273406,25.6806448412734,25.680644841273395,25.68064484127339,25.680644841273384,25.68064484127338,25.680644841273377,25.680644841273374,25.68064484127337,25.68064484127337,25.68064484127337,25.680644841273367,25.680644841273363,25.680644841273356,25.68064484127335,25.68064484127334,25.680644841273335,25.680644841273324,25.680644841273317,25.68064484127331,25.680644841273303,25.680644841273295,25.680644841273285,25.68064484127328,25.68064484127328,25.680644841273278,25.680644841273278,25.680644841273278,25.680644841273278,25.68064484127328,25.680644841273285,25.68064484127329,25.680644841273292,25.680644841273303,25.680644841273317,25.68064484127333,25.680644841273345,25.680644841273356,25.68064484127337,25.680644841273384,25.680644841273395,25.680644841273406,25.680644841273416,25.680644841273427,25.680644841273438,25.68064484127345,25.680644841273462,25.680644841273477,25.68064484127349,25.680644841273505,25.680644841273512,25.680644841273523,25.680644841273534,25.68064484127354,25.680644841273548,25.68064484127355,25.68064484127356,25.680644841273562,25.680644841273562,25.680644841273562,25.68064484127357,25.680644841273573,25.680644841273573,25.680644841273573
3.8,1.94,25.800932539686265,25.80093253968626,25.80093253968626,25.80093253968626,25.80093253968626,25.800932539686265,25.800932539686265,25.800932539686265,25.80093253968626,25.80093253968626,25.800932539686265,25.800932539686265,25.80093253968626,25.80093253968626,25.80093253968626,25.800932539686265,25.800932539686265,25.80093253968626,25.80093253968626,25.80093253968626,25.800932539686265,25.800932539686272,25.80093253968628,25.80093253968628,25.800932539686276,25.80093253968628,25.800932539686276,25.800932539686272,25.80093253968627,25.80093253968626,25.800932539686258,25.800932539686254,25.800932539686247,25.80093253968624,25.800932539686233,25.800932539686226,25.80093253968622,25.80093253968621,25.800932539686205,25.8009325396862,25.800932539686194,25.800932539686187,25.800932539686183,25.800932539686183,25.800932539686183,25.80093253968618,25.80093253968618,25.800932539686176,25.800932539686173,25.800932539686166,25.800932539686162,25.800932539686155,25.800932539686148,25.80093253968614,25.80093253968613,25.800932539686123,25.800932539686116,25.80093253968611,25.8009325396861,25.800932539686094,25.80093253968609,25.800932539686084,25.80093253968608,25.80093253968608,25.800932539686084,25.800932539686084,25.800932539686084,25.800932539686087,25.80093253968609,25.800932539686094,25.800932539686105,25.80093253968612,25.800932539686134,25.800932539686144,25.80093253968616,25.800932539686173,25.800932539686187,25.8009325396862,25.800932539686215,25.80093253968623,25.800932539686237,25.80093253968625,25.80093253968626,25.800932539686272,25.800932539686283,25.800932539686297,25.800932539686308,25.80093253968632,25.80093253968633,25.800932539686343,25.80093253968635,25.800932539686354,25.80093253968636,25.800932539686368,25.800932539686368,25.80093253968637,25.80093253968637,25.80093253968637,25.80093253968637,25.800932539686375,25.80093253968638
3.9,1.94,25.921220238099064,25.921220238099064,25.92122023809907,25.921220238099068,25.921220238099068,25.92122023809907,25.921220238099068,25.921220238099064,25.921220238099064,25.921220238099064,25.921220238099068,25.92122023809907,25.921220238099068,25.921220238099068,25.921220238099068,25.92122023809907,25.92122023809907,25.921220238099068,25.92122023809907,25.921220238099075,25.921220238099078,25.92122023809908,25.92122023809908,25.921220238099085,25.921220238099085,25.92122023809908,25.92122023809908,25.921220238099078,25.921220238099075,25.92122023809907,25.921220238099068,25.92122023809906,25.921220238099053,25.921220238099046,25.921220238099036,25.92122023809903,25.921220238099025,25.921220238099018,25.92122023809901,25.921220238099007,25.921220238099,25.921220238098993,25.92122023809899,25.92122023809899,25.921220238098982,25.92122023809898,25.92122023809898,25.92122023809898,25.92122023809897,25.921220238098968,25.921220238098964,25.92122023809896,25.921220238098954,25.92122023809895,25.92122023809894,25.921220238098932,25.92122023809893,25.92122023809892,25.92122023809891,25.9212202380989,25.921220238098897,25.921220238098893,25.921220238098886,25.921220238098886,25.921220238098886,25.921220238098886,25.921220238098893,25.921220238098897,25.9212202380989,25.921220238098904,25.921220238098915,25.92122023809893,25.92122023809894,25.92122023809895,25.921220238098964,25.921220238098982,25.921220238098993,25.921220238099004,25.921220238099014,25.92122023809903,25.92122023809904,25.921220238099053,25.921220238099064,25.921220238099075,25.92122023809909,25.9212202380991,25.92122023809911,25.92122023809912,25.92122023809913,25.92122023809915,25.921220238099156,25.921220238099167,25.921220238099174,25.921220238099178,25.921220238099178,25.921220238099178,25.921220238099178,25.92122023809918,25.921220238099178,25.92122023809918,25.921220238099185
4.0,1.94,26.041507936511874,26.041507936511874,26.041507936511874,26.041507936511874,26.041507936511877,26.04150793651188,26.041507936511874,26.041507936511877,26.041507936511874,26.041507936511874,26.041507936511877,26.041507936511874,26.041507936511874,26.041507936511874,26.04150793651187,26.04150793651187,26.041507936511874,26.041507936511874,26.041507936511874,26.041507936511874,26.04150793651188,26.041507936511884,26.04150793651189,26.041507936511888,26.041507936511888,26.041507936511884,26.041507936511884,26.04150793651188,26.041507936511877,26.04150793651187,26.041507936511866,26.041507936511863,26.041507936511856,26.041507936511852,26.041507936511845,26.041507936511838,26.041507936511834,26.04150793651183,26.041507936511824,26.04150793651182,26.041507936511817,26.04150793651181,26.041507936511803,26.0415079365118,26.041507936511795,26.041507936511792,26.041507936511795,26.041507936511792,26.041507936511785,26.041507936511785,26.041507936511778,26.04150793651177,26.041507936511763,26.041507936511756,26.041507936511746,26.04150793651174,26.041507936511735,26.041507936511724,26.041507936511717,26.041507936511707,26.041507936511696,26.04150793651169,26.041507936511685,26.041507936511685,26.04150793651169,26.04150793651169,26.041507936511692,26.041507936511696,26.041507936511703,26.04150793651171,26.04150793651172,26.041507936511735,26.041507936511746,26.041507936511756,26.04150793651177,26.041507936511785,26.041507936511795,26.041507936511806,26.041507936511817,26.04150793651183,26.041507936511838,26.041507936511852,26.041507936511863,26.041507936511877,26.04150793651189,26.041507936511906,26.04150793651192,26.04150793651193,26.04150793651194,26.041507936511955,26.041507936511962,26.041507936511973,26.04150793651198,26.041507936511984,26.041507936511987,26.041507936511987,26.041507936511987,26.041507936511987,26.04150793651199,26.04150793651199,26.041507936511987
4.1,1.94,26.161795634924683,26.16179563492468,26.161795634924683,26.16179563492468,26.16179563492468,26.161795634924683,26.16179563492468,26.161795634924683,26.16179563492468,26.16179563492468,26.16179563492468,26.161795634924683,26.16179563492468,26.16179563492468,26.161795634924683,26.16179563492468,26.161795634924683,26.16179563492468,26.16179563492468,26.16179563492468,26.161795634924683,26.16179563492469,26.161795634924697,26.161795634924697,26.161795634924697,26.161795634924694,26.161795634924694,26.161795634924687,26.161795634924683,26.161795634924683,26.16179563492468,26.161795634924673,26.161795634924665,26.16179563492466,26.16179563492465,26.161795634924644,26.16179563492464,26.161795634924637,26.16179563492463,26.161795634924626,26.161795634924616,26.16179563492461,26.161795634924605,26.1617956349246,26.161795634924598,26.161795634924594,26.161795634924594,26.161795634924594,26.16179563492459,26.161795634924587,26.16179563492458,26.161795634924573,26.16179563492457,26.161795634924562,26.161795634924555,26.161795634924548,26.161795634924545,26.161795634924534,26.161795634924527,26.161795634924513,26.16179563492451,26.161795634924502,26.161795634924495,26.161795634924495,26.161795634924495,26.161795634924495,26.1617956349245,26.161795634924506,26.16179563492451,26.161795634924513,26.161795634924523,26.161795634924534,26.161795634924545,26.161795634924555,26.16179563492457,26.161795634924587,26.1617956349246,26.161795634924612,26.161795634924626,26.161795634924637,26.16179563492465,26.161795634924662,26.161795634924673,26.16179563492468,26.16179563492469,26.1617956349247,26.16179563492471,26.161795634924722,26.161795634924733,26.161795634924747,26.161795634924754,26.161795634924765,26.161795634924772,26.161795634924776,26.161795634924776,26.161795634924776,26.161795634924776,26.16179563492478,26.161795634924783,26.161795634924786,26.161795634924786
4.2,1.94,26.28208333333749,26.282083333337486,26.282083333337486,26.282083333337486,26.282083333337486,26.28208333333749,26.28208333333749,26.282083333337486,26.282083333337486,26.282083333337486,26.28208333333749,26.282083333337486,26.282083333337486,26.282083333337486,26.282083333337486,26.282083333337486,26.282083333337486,26.282083333337482,26.282083333337482,26.28208333333749,26.282083333337493,26.282083333337496,26.2820833333375,26.2820833333375,26.282083333337503,26.282083333337503,26.282083333337507,26.2820833333375,26.282083333337493,26.28208333333749,26.28208333333749,26.282083333337486,26.28208333333748,26.282083333337475,26.282083333337464,26.282083333337457,26.28208333333745,26.282083333337443,26.28208333333744,26.282083333337432,26.28208333333743,26.28208333333742,26.282083333337415,26.28208333333741,26.282083333337408,26.282083333337404,26.282083333337408,26.282083333337408,26.2820833333374,26.282083333337397,26.282083333337393,26.282083333337386,26.28208333333738,26.282083333337376,26.28208333333737,26.282083333337358,26.28208333333735,26.282083333337344,26.282083333337333,26.282083333337322,26.282083333337315,26.28208333333731,26.282083333337308,26.282083333337305,26.282083333337305,26.282083333337305,26.282083333337308,26.282083333337308,26.28208333333731,26.28208333333732,26.28208333333733,26.28208333333734,26.282083333337354,26.282083333337365,26.28208333333738,26.282083333337393,26.282083333337408,26.282083333337418,26.28208333333743,26.282083333337443,26.28208333333745,26.28208333333746,26.282083333337475,26.282083333337486,26.282083333337496,26.282083333337507,26.282083333337525,26.282083333337535,26.282083333337546,26.282083333337557,26.282083333337564,26.28208333333757,26.282083333337578,26.28208333333758,26.282083333337585,26.28208333333759,26.28208333333759,26.282083333337592,26.282083333337592,26.282083333337592,26.282083333337592
4.3,1.94,26.40237103175029,26.40237103175029,26.402371031750295,26.40237103175029,26.40237103175029,26.402371031750295,26.40237103175029,26.402371031750295,26.40237103175029,26.40237103175029,26.40237103175029,26.402371031750295,26.402371031750295,26.402371031750295,26.40237103175029,26.40237103175029,26.40237103175029,26.402371031750288,26.402371031750288,26.402371031750295,26.402371031750302,26.402371031750306,26.402371031750313,26.402371031750313,26.40237103175031,26.402371031750313,26.40237103175031,26.402371031750306,26.402371031750302,26.402371031750302,26.4023710317503,26.40237103175029,26.402371031750285,26.40237103175028,26.40237103175027,26.402371031750263,26.402371031750256,26.40237103175025,26.402371031750242,26.402371031750235,26.40237103175023,26.402371031750224,26.40237103175022,26.402371031750217,26.402371031750214,26.40237103175021,26.40237103175021,26.402371031750206,26.402371031750203,26.4023710317502,26.402371031750192,26.402371031750185,26.402371031750178,26.402371031750175,26.402371031750164,26.402371031750157,26.402371031750153,26.402371031750143,26.402371031750132,26.40237103175012,26.402371031750118,26.40237103175011,26.4023710317501,26.4023710317501,26.402371031750103,26.402371031750107,26.40237103175011,26.402371031750114,26.402371031750114,26.402371031750118,26.40237103175013,26.40237103175014,26.402371031750153,26.402371031750167,26.40237103175018,26.4023710317502,26.402371031750214,26.402371031750228,26.402371031750242,26.402371031750256,26.402371031750267,26.402371031750278,26.402371031750288,26.4023710317503,26.402371031750313,26.402371031750324,26.402371031750338,26.40237103175035,26.402371031750356,26.40237103175037,26.40237103175038,26.40237103175039,26.4023710317504,26.402371031750405,26.402371031750405,26.402371031750405,26.402371031750405,26.402371031750405,26.402371031750405,26.402371031750405,26.40237103175041
4.4,1.94,26.52265873016309,26.52265873016309,26.522658730163094,26.522658730163094,26.522658730163094,26.522658730163098,26.522658730163098,26.522658730163098,26.522658730163098,26.522658730163098,26.522658730163098,26.5226587301631,26.522658730163105,26.522658730163105,26.522658730163105,26.52265873016311,26.522658730163112,26.522658730163112,26.522658730163112,26.522658730163116,26.522658730163116,26.522658730163116,26.52265873016312,26.52265873016312,26.52265873016312,26.52265873016312,26.52265873016312,26.522658730163116,26.52265873016311,26.522658730163105,26.522658730163105,26.522658730163098,26.52265873016309,26.522658730163087,26.52265873016308,26.522658730163073,26.522658730163066,26.52265873016306,26.52265873016305,26.522658730163045,26.522658730163037,26.52265873016303,26.522658730163023,26.522658730163016,26.522658730163013,26.522658730163013,26.52265873016301,26.52265873016301,26.522658730163005,26.522658730163005,26.522658730163002,26.522658730162995,26.522658730162988,26.52265873016298,26.522658730162973,26.522658730162966,26.522658730162963,26.522658730162952,26.52265873016294,26.522658730162927,26.522658730162917,26.522658730162913,26.52265873016291,26.522658730162913,26.522658730162913,26.522658730162917,26.522658730162924,26.52265873016293,26.522658730162934,26.522658730162938,26.522658730162945,26.52265873016296,26.522658730162973,26.522658730162988,26.522658730163002,26.522658730163016,26.522658730163027,26.52265873016304,26.52265873016305,26.522658730163066,26.522658730163077,26.522658730163084,26.522658730163094,26.522658730163105,26.52265873016312,26.522658730163133,26.522658730163148,26.52265873016316,26.52265873016317,26.522658730163183,26.52265873016319,26.5226587301632,26.522658730163208,26.52265873016321,26.52265873016321,26.52265873016321,26.522658730163215,26.522658730163222,26.522658730163222,26.522658730163222,26.522658730163222
4.5,1.94,26.642946428575907,26.642946428575904,26.642946428575907,26.642946428575904,26.642946428575904,26.642946428575907,26.642946428575907,26.642946428575907,26.642946428575904,26.642946428575904,26.642946428575904,26.642946428575904,26.642946428575907,26.642946428575907,26.64294642857591,26.642946428575915,26.642946428575915,26.642946428575915,26.642946428575915,26.642946428575918,26.642946428575925,26.642946428575932,26.642946428575936,26.642946428575936,26.642946428575932,26.64294642857593,26.64294642857593,26.64294642857592,26.642946428575918,26.642946428575915,26.64294642857591,26.642946428575907,26.6429464285759,26.642946428575893,26.642946428575886,26.64294642857588,26.642946428575875,26.64294642857587,26.642946428575858,26.64294642857585,26.642946428575847,26.642946428575843,26.642946428575836,26.642946428575833,26.64294642857583,26.64294642857583,26.642946428575826,26.642946428575822,26.64294642857582,26.642946428575815,26.642946428575808,26.6429464285758,26.642946428575797,26.64294642857579,26.642946428575783,26.642946428575776,26.64294642857577,26.64294642857576,26.642946428575748,26.642946428575737,26.642946428575733,26.642946428575726,26.642946428575723,26.642946428575723,26.642946428575723,26.642946428575726,26.642946428575726,26.64294642857573,26.642946428575737,26.64294642857574,26.64294642857575,26.642946428575765,26.642946428575776,26.64294642857579,26.642946428575804,26.64294642857582,26.64294642857583,26.642946428575843,26.642946428575854,26.64294642857587,26.64294642857588,26.642946428575893,26.642946428575907,26.642946428575918,26.64294642857593,26.642946428575943,26.642946428575954,26.642946428575964,26.642946428575975,26.642946428575986,26.642946428575993,26.642946428576,26.642946428576007,26.642946428576014,26.642946428576014,26.642946428576018,26.64294642857602,26.642946428576025,26.642946428576025,26.64294642857603,26.64294642857603
4.6,1.94,26.76323412698871,26.76323412698871,26.76323412698871,26.76323412698871,26.76323412698871,26.763234126988714,26.763234126988714,26.763234126988714,26.76323412698871,26.76323412698871,26.76323412698871,26.76323412698871,26.763234126988714,26.763234126988714,26.763234126988717,26.76323412698872,26.76323412698872,26.76323412698872,26.76323412698872,26.763234126988724,26.76323412698873,26.76323412698874,26.763234126988745,26.763234126988742,26.763234126988745,26.763234126988742,26.763234126988742,26.76323412698874,26.763234126988735,26.76323412698873,26.763234126988728,26.76323412698872,26.76323412698871,26.763234126988706,26.763234126988696,26.76323412698869,26.76323412698868,26.763234126988674,26.763234126988667,26.76323412698866,26.763234126988653,26.76323412698865,26.763234126988642,26.76323412698864,26.763234126988632,26.76323412698863,26.763234126988625,26.763234126988625,26.76323412698862,26.763234126988618,26.763234126988618,26.76323412698861,26.763234126988603,26.763234126988596,26.763234126988586,26.76323412698858,26.763234126988575,26.763234126988564,26.763234126988554,26.763234126988543,26.763234126988532,26.76323412698853,26.763234126988525,26.763234126988525,26.76323412698853,26.763234126988532,26.763234126988536,26.76323412698854,26.763234126988547,26.76323412698855,26.76323412698856,26.763234126988575,26.76323412698859,26.7632341269886,26.763234126988618,26.763234126988632,26.763234126988646,26.763234126988657,26.76323412698867,26.763234126988685,26.763234126988692,26.763234126988706,26.763234126988717,26.763234126988728,26.76323412698874,26.763234126988753,26.763234126988767,26.763234126988774,26.763234126988785,26.7632341269888,26.763234126988806,26.763234126988813,26.76323412698882,26.763234126988824,26.763234126988824,26.763234126988824,26.763234126988824,26.763234126988824,26.763234126988824,26.763234126988827,26.76323412698883
4.7,1.94,26.883521825401512,26.883521825401512,26.88352182540152,26.883521825401523,26.883521825401523,26.883521825401527,26.883521825401523,26.883521825401527,26.883521825401527,26.883521825401527,26.883521825401527,26.883521825401527,26.88352182540153,26.88352182540153,26.88352182540153,26.88352182540153,26.88352182540153,26.88352182540153,26.88352182540153,26.883521825401534,26.88352182540154,26.883521825401544,26.883521825401544,26.883521825401544,26.883521825401544,26.883521825401544,26.883521825401544,26.88352182540154,26.883521825401537,26.883521825401537,26.883521825401537,26.88352182540153,26.883521825401523,26.88352182540152,26.883521825401512,26.883521825401502,26.883521825401495,26.88352182540149,26.883521825401484,26.88352182540148,26.88352182540147,26.883521825401463,26.88352182540146,26.883521825401452,26.88352182540145,26.88352182540145,26.88352182540145,26.883521825401445,26.883521825401438,26.883521825401434,26.88352182540143,26.88352182540142,26.883521825401413,26.883521825401406,26.8835218254014,26.883521825401388,26.88352182540138,26.88352182540137,26.88352182540136,26.883521825401345,26.88352182540134,26.88352182540133,26.88352182540133,26.88352182540133,26.88352182540133,26.883521825401335,26.88352182540134,26.883521825401345,26.88352182540135,26.883521825401353,26.883521825401363,26.883521825401377,26.88352182540139,26.883521825401402,26.883521825401417,26.88352182540143,26.883521825401445,26.88352182540146,26.883521825401473,26.883521825401488,26.883521825401495,26.88352182540151,26.88352182540152,26.88352182540153,26.883521825401544,26.883521825401555,26.883521825401566,26.883521825401576,26.883521825401587,26.8835218254016,26.88352182540161,26.88352182540162,26.883521825401626,26.883521825401633,26.883521825401637,26.88352182540164,26.883521825401644,26.883521825401647,26.883521825401647,26.883521825401647,26.883521825401647
4.8,1.94,27.003809523814343,27.00380952381434,27.00380952381434,27.00380952381434,27.00380952381434,27.00380952381434,27.00380952381434,27.00380952381434,27.00380952381434,27.00380952381434,27.003809523814343,27.00380952381434,27.00380952381434,27.00380952381434,27.00380952381434,27.003809523814343,27.003809523814343,27.00380952381434,27.00380952381434,27.00380952381434,27.003809523814347,27.003809523814354,27.003809523814358,27.003809523814358,27.003809523814358,27.003809523814358,27.00380952381436,27.003809523814358,27.00380952381435,27.003809523814347,27.003809523814347,27.00380952381434,27.00380952381433,27.003809523814326,27.00380952381432,27.003809523814308,27.003809523814304,27.0038095238143,27.003809523814294,27.003809523814287,27.003809523814283,27.003809523814276,27.00380952381427,27.003809523814265,27.003809523814265,27.003809523814258,27.003809523814258,27.00380952381426,27.003809523814255,27.00380952381425,27.003809523814244,27.003809523814237,27.003809523814226,27.00380952381422,27.00380952381421,27.0038095238142,27.003809523814198,27.003809523814187,27.003809523814176,27.003809523814162,27.003809523814155,27.003809523814148,27.003809523814144,27.003809523814144,27.003809523814144,27.003809523814144,27.00380952381415,27.003809523814155,27.00380952381416,27.003809523814166,27.003809523814173,27.003809523814187,27.0038095238142,27.003809523814212,27.003809523814226,27.00380952381424,27.003809523814255,27.00380952381427,27.003809523814283,27.003809523814297,27.003809523814308,27.00380952381432,27.00380952381433,27.003809523814343,27.003809523814358,27.00380952381437,27.00380952381438,27.003809523814393,27.003809523814407,27.00380952381442,27.00380952381443,27.00380952381444,27.003809523814446,27.003809523814454,27.003809523814454,27.003809523814454,27.003809523814454,27.003809523814454,27.003809523814454,27.003809523814454,27.003809523814457
4.9,1.94,27.124097222227146,27.124097222227142,27.12409722222715,27.124097222227146,27.124097222227146,27.12409722222715,27.124097222227146,27.12409722222715,27.12409722222715,27.124097222227153,27.124097222227153,27.124097222227157,27.124097222227157,27.124097222227157,27.124097222227157,27.12409722222716,27.12409722222716,27.12409722222716,27.12409722222716,27.124097222227167,27.12409722222717,27.124097222227174,27.124097222227178,27.12409722222718,27.12409722222718,27.124097222227178,27.124097222227174,27.12409722222717,27.124097222227167,27.12409722222716,27.12409722222716,27.124097222227157,27.124097222227146,27.12409722222714,27.12409722222713,27.124097222227125,27.12409722222712,27.12409722222711,27.124097222227103,27.124097222227096,27.12409722222709,27.124097222227086,27.12409722222708,27.124097222227075,27.12409722222707,27.124097222227068,27.124097222227068,27.124097222227068,27.124097222227068,27.124097222227068,27.12409722222706,27.12409722222705,27.124097222227046,27.12409722222704,27.12409722222703,27.124097222227018,27.12409722222701,27.124097222227004,27.124097222226993,27.12409722222698,27.124097222226972,27.124097222226965,27.12409722222696,27.12409722222696,27.12409722222696,27.124097222226965,27.124097222226965,27.124097222226972,27.12409722222698,27.124097222226982,27.124097222226993,27.124097222227007,27.124097222227018,27.12409722222703,27.124097222227043,27.124097222227057,27.12409722222707,27.124097222227086,27.1240972222271,27.12409722222711,27.12409722222712,27.124097222227135,27.12409722222715,27.12409722222716,27.124097222227174,27.124097222227185,27.1240972222272,27.124097222227206,27.124097222227217,27.12409722222723,27.12409722222724,27.12409722222725,27.124097222227256,27.12409722222726,27.124097222227263,27.124097222227267,27.12409722222727,27.12409722222727,27.12409722222727,27.12409722222727,27.12409722222727
5.0,1.94,27.244384920639966,27.244384920639966,27.244384920639966,27.244384920639966,27.244384920639966,27.244384920639973,27.24438492063997,27.244384920639973,27.24438492063997,27.24438492063997,27.24438492063997,27.24438492063997,27.24438492063997,27.24438492063997,27.24438492063997,27.24438492063997,27.24438492063997,27.244384920639973,27.24438492063997,27.244384920639977,27.24438492063998,27.244384920639984,27.244384920639988,27.244384920639984,27.244384920639988,27.244384920639988,27.244384920639988,27.24438492063998,27.244384920639977,27.24438492063997,27.244384920639966,27.24438492063996,27.244384920639952,27.24438492063995,27.244384920639938,27.24438492063993,27.244384920639927,27.244384920639916,27.24438492063991,27.244384920639906,27.2443849206399,27.244384920639895,27.24438492063989,27.24438492063989,27.24438492063989,27.244384920639888,27.244384920639888,27.244384920639884,27.24438492063988,27.244384920639877,27.24438492063987,27.244384920639863,27.24438492063986,27.244384920639853,27.244384920639842,27.244384920639835,27.244384920639824,27.244384920639817,27.24438492063981,27.2443849206398,27.24438492063979,27.24438492063978,27.244384920639774,27.244384920639778,27.24438492063978,27.244384920639785,27.24438492063979,27.244384920639792,27.244384920639792,27.244384920639796,27.244384920639803,27.244384920639817,27.244384920639828,27.244384920639842,27.244384920639856,27.244384920639874,27.24438492063989,27.244384920639902,27.244384920639916,27.24438492063993,27.24438492063994,27.244384920639952,27.244384920639963,27.244384920639977,27.24438492063999,27.244384920640005,27.244384920640016,27.244384920640027,27.244384920640034,27.244384920640048,27.244384920640055,27.244384920640062,27.24438492064007,27.244384920640076,27.244384920640076,27.244384920640076,27.244384920640076,27.244384920640083,27.24438492064008,27.244384920640083,27.244384920640087
5.1,1.94,27.364672619052776,27.364672619052776,27.36467261905278,27.364672619052776,27.364672619052776,27.36467261905278,27.36467261905278,27.364672619052776,27.36467261905278,27.36467261905278,27.364672619052783,27.364672619052783,27.364672619052783,27.364672619052786,27.364672619052786,27.36467261905279,27.364672619052794,27.36467261905279,27.36467261905279,27.364672619052794,27.364672619052797,27.364672619052804,27.364672619052808,27.36467261905281,27.364672619052808,27.364672619052808,27.364672619052804,27.3646726190528,27.364672619052797,27.364672619052794,27.364672619052794,27.364672619052786,27.36467261905278,27.364672619052772,27.364672619052765,27.364672619052754,27.36467261905275,27.364672619052744,27.364672619052737,27.364672619052726,27.36467261905272,27.364672619052712,27.364672619052705,27.3646726190527,27.364672619052698,27.364672619052694,27.364672619052698,27.364672619052698,27.36467261905269,27.364672619052687,27.364672619052683,27.36467261905268,27.364672619052673,27.364672619052666,27.36467261905266,27.36467261905265,27.364672619052644,27.364672619052637,27.364672619052623,27.36467261905261,27.364672619052598,27.364672619052595,27.364672619052588,27.36467261905259,27.36467261905259,27.36467261905259,27.364672619052595,27.3646726190526,27.364672619052605,27.36467261905261,27.36467261905262,27.364672619052634,27.364672619052644,27.364672619052655,27.36467261905267,27.364672619052687,27.3646726190527,27.364672619052712,27.364672619052726,27.36467261905274,27.36467261905275,27.364672619052765,27.364672619052776,27.364672619052786,27.364672619052797,27.364672619052808,27.36467261905282,27.36467261905283,27.364672619052843,27.364672619052854,27.36467261905286,27.364672619052868,27.364672619052875,27.364672619052882,27.364672619052882,27.364672619052886,27.364672619052886,27.36467261905289,27.364672619052893,27.364672619052893,27.364672619052893
5.2,1.94,27.484960317465585,27.484960317465585,27.484960317465582,27.484960317465585,27.48496031746559,27.484960317465593,27.48496031746559,27.48496031746559,27.48496031746559,27.48496031746559,27.48496031746559,27.484960317465593,27.484960317465593,27.484960317465593,27.484960317465593,27.4849603174656,27.4849603174656,27.484960317465596,27.484960317465596,27.4849603174656,27.484960317465607,27.48496031746561,27.484960317465617,27.484960317465614,27.484960317465617,27.484960317465617,27.484960317465614,27.48496031746561,27.484960317465603,27.484960317465603,27.484960317465603,27.4849603174656,27.484960317465593,27.484960317465582,27.484960317465575,27.484960317465568,27.48496031746556,27.484960317465557,27.484960317465553,27.484960317465546,27.48496031746554,27.484960317465532,27.48496031746553,27.484960317465525,27.48496031746552,27.48496031746552,27.484960317465518,27.484960317465514,27.484960317465507,27.484960317465504,27.484960317465497,27.48496031746549,27.484960317465482,27.48496031746548,27.484960317465468,27.48496031746546,27.484960317465454,27.484960317465447,27.484960317465433,27.48496031746542,27.48496031746541,27.484960317465408,27.484960317465408,27.484960317465408,27.484960317465408,27.48496031746541,27.484960317465415,27.48496031746542,27.484960317465426,27.48496031746543,27.48496031746544,27.48496031746545,27.48496031746546,27.484960317465475,27.484960317465486,27.484960317465504,27.48496031746552,27.484960317465532,27.484960317465546,27.48496031746556,27.48496031746557,27.484960317465582,27.484960317465593,27.484960317465603,27.484960317465617,27.484960317465628,27.48496031746564,27.484960317465646,27.484960317465656,27.484960317465667,27.484960317465674,27.484960317465678,27.484960317465685,27.484960317465696,27.4849603174657,27.484960317465703,27.484960317465706,27.484960317465706,27.484960317465706,27.484960317465706,27.484960317465706
5.3,1.94,27.605248015878406,27.605248015878402,27.605248015878406,27.605248015878402,27.605248015878402,27.605248015878406,27.605248015878402,27.605248015878406,27.605248015878402,27.605248015878402,27.605248015878402,27.605248015878402,27.605248015878406,27.605248015878406,27.605248015878402,27.605248015878406,27.605248015878406,27.605248015878406,27.60524801587841,27.605248015878413,27.605248015878416,27.605248015878423,27.605248015878427,27.605248015878427,27.605248015878427,27.605248015878427,27.605248015878427,27.60524801587842,27.605248015878416,27.605248015878413,27.60524801587841,27.605248015878406,27.6052480158784,27.605248015878395,27.60524801587839,27.605248015878384,27.605248015878377,27.60524801587837,27.605248015878363,27.60524801587836,27.60524801587835,27.605248015878345,27.605248015878338,27.605248015878335,27.60524801587833,27.60524801587833,27.60524801587833,27.605248015878328,27.605248015878324,27.60524801587832,27.605248015878317,27.60524801587831,27.605248015878303,27.6052480158783,27.60524801587829,27.60524801587828,27.605248015878274,27.605248015878267,27.605248015878256,27.605248015878242,27.605248015878235,27.605248015878228,27.605248015878225,27.605248015878225,27.605248015878225,27.605248015878225,27.605248015878228,27.605248015878228,27.60524801587823,27.605248015878235,27.605248015878246,27.605248015878256,27.605248015878267,27.60524801587828,27.6052480158783,27.605248015878317,27.605248015878324,27.605248015878338,27.60524801587835,27.605248015878363,27.605248015878374,27.605248015878384,27.605248015878395,27.605248015878406,27.605248015878416,27.60524801587843,27.605248015878445,27.605248015878455,27.60524801587847,27.605248015878487,27.605248015878498,27.6052480158785,27.60524801587851,27.605248015878512,27.605248015878512,27.605248015878516,27.605248015878516,27.605248015878516,27.605248015878516,27.60524801587852,27.605248015878523
5.4,1.94,27.725535714291215,27.72553571429122,27.725535714291222,27.725535714291222,27.725535714291222,27.725535714291222,27.725535714291222,27.725535714291222,27.725535714291222,27.725535714291222,27.725535714291222,27.725535714291222,27.725535714291222,27.725535714291222,27.725535714291222,27.725535714291226,27.72553571429123,27.725535714291226,27.725535714291222,27.725535714291226,27.725535714291233,27.725535714291237,27.725535714291244,27.72553571429124,27.725535714291244,27.725535714291244,27.725535714291247,27.72553571429124,27.725535714291237,27.725535714291233,27.725535714291233,27.725535714291226,27.72553571429122,27.725535714291215,27.725535714291205,27.725535714291198,27.72553571429119,27.725535714291183,27.725535714291176,27.725535714291173,27.72553571429117,27.725535714291162,27.725535714291155,27.72553571429115,27.725535714291148,27.725535714291144,27.725535714291148,27.725535714291148,27.725535714291144,27.72553571429114,27.725535714291137,27.72553571429113,27.725535714291123,27.725535714291116,27.725535714291105,27.725535714291095,27.72553571429109,27.72553571429108,27.72553571429107,27.725535714291055,27.725535714291045,27.725535714291034,27.725535714291027,27.725535714291027,27.725535714291027,27.725535714291027,27.72553571429103,27.72553571429103,27.725535714291038,27.72553571429104,27.725535714291052,27.725535714291063,27.725535714291073,27.725535714291087,27.7255357142911,27.72553571429112,27.725535714291134,27.725535714291144,27.725535714291155,27.72553571429117,27.72553571429118,27.72553571429119,27.7255357142912,27.725535714291215,27.72553571429123,27.725535714291244,27.725535714291258,27.72553571429127,27.72553571429128,27.72553571429129,27.725535714291297,27.725535714291304,27.72553571429131,27.72553571429132,27.72553571429132,27.725535714291322,27.725535714291322,27.725535714291322,27.725535714291325,27.72553571429133,27.72553571429133
5.5,1.94,27.845823412704032,27.845823412704032,27.845823412704036,27.845823412704032,27.845823412704032,27.845823412704036,27.845823412704032,27.845823412704036,27.845823412704036,27.84582341270404,27.845823412704043,27.845823412704043,27.845823412704043,27.845823412704043,27.845823412704043,27.845823412704043,27.845823412704046,27.845823412704046,27.845823412704046,27.845823412704046,27.845823412704053,27.84582341270406,27.845823412704068,27.845823412704064,27.845823412704068,27.845823412704068,27.845823412704064,27.845823412704057,27.845823412704053,27.845823412704046,27.845823412704043,27.845823412704036,27.845823412704025,27.84582341270402,27.845823412704014,27.845823412704007,27.845823412704,27.845823412703993,27.84582341270399,27.845823412703982,27.845823412703975,27.84582341270397,27.845823412703965,27.84582341270396,27.845823412703957,27.845823412703954,27.845823412703954,27.845823412703954,27.845823412703947,27.845823412703943,27.845823412703936,27.84582341270393,27.845823412703925,27.84582341270392,27.84582341270391,27.8458234127039,27.845823412703893,27.845823412703883,27.84582341270387,27.845823412703854,27.845823412703847,27.845823412703844,27.845823412703844,27.845823412703844,27.845823412703847,27.84582341270385,27.84582341270385,27.84582341270385,27.845823412703854,27.845823412703858,27.845823412703865,27.84582341270388,27.845823412703893,27.845823412703904,27.845823412703915,27.84582341270393,27.845823412703943,27.845823412703957,27.84582341270397,27.845823412703982,27.845823412703993,27.845823412704004,27.845823412704018,27.84582341270403,27.84582341270404,27.845823412704053,27.845823412704064,27.845823412704075,27.845823412704085,27.8458234127041,27.845823412704107,27.845823412704114,27.84582341270412,27.845823412704128,27.845823412704128,27.845823412704128,27.845823412704128,27.84582341270413,27.845823412704128,27.845823412704128,27.84582341270413
5.6,1.94,27.96611111111686,27.966111111116856,27.966111111116856,27.966111111116856,27.966111111116856,27.96611111111686,27.966111111116856,27.966111111116856,27.966111111116856,27.966111111116856,27.96611111111686,27.966111111116856,27.966111111116856,27.966111111116856,27.966111111116856,27.96611111111686,27.966111111116863,27.966111111116856,27.96611111111686,27.966111111116863,27.966111111116874,27.96611111111688,27.966111111116884,27.966111111116884,27.966111111116884,27.96611111111688,27.96611111111688,27.966111111116877,27.96611111111687,27.966111111116867,27.966111111116863,27.966111111116852,27.96611111111684,27.966111111116835,27.966111111116827,27.96611111111682,27.966111111116813,27.966111111116806,27.9661111111168,27.966111111116795,27.966111111116792,27.96611111111679,27.96611111111678,27.966111111116774,27.96611111111677,27.966111111116767,27.966111111116767,27.966111111116767,27.966111111116764,27.966111111116756,27.966111111116753,27.966111111116742,27.966111111116735,27.966111111116728,27.966111111116717,27.966111111116707,27.966111111116703,27.966111111116696,27.966111111116685,27.966111111116675,27.966111111116668,27.96611111111666,27.966111111116657,27.966111111116657,27.966111111116657,27.96611111111666,27.96611111111666,27.96611111111666,27.96611111111666,27.96611111111666,27.96611111111667,27.966111111116685,27.9661111111167,27.96611111111671,27.966111111116728,27.966111111116742,27.96611111111676,27.96611111111677,27.966111111116785,27.9661111111168,27.966111111116806,27.966111111116817,27.966111111116827,27.966111111116838,27.966111111116852,27.966111111116867,27.96611111111688,27.966111111116888,27.966111111116895,27.96611111111691,27.966111111116916,27.966111111116923,27.96611111111693,27.966111111116934,27.966111111116938,27.96611111111694,27.96611111111694,27.966111111116945,27.96611111111695,27.96611111111695,27.96611111111695
5.7,1.94,28.08639880952967,28.08639880952967,28.08639880952967,28.08639880952967,28.086398809529673,28.08639880952968,28.086398809529676,28.086398809529676,28.08639880952968,28.086398809529683,28.086398809529683,28.086398809529683,28.086398809529687,28.086398809529687,28.086398809529687,28.08639880952969,28.08639880952969,28.08639880952969,28.08639880952969,28.08639880952969,28.086398809529694,28.0863988095297,28.086398809529705,28.086398809529705,28.086398809529705,28.0863988095297,28.0863988095297,28.086398809529694,28.08639880952969,28.086398809529687,28.086398809529687,28.086398809529676,28.086398809529665,28.08639880952966,28.08639880952965,28.08639880952964,28.086398809529637,28.086398809529626,28.08639880952962,28.086398809529616,28.08639880952961,28.0863988095296,28.086398809529594,28.08639880952959,28.086398809529587,28.086398809529584,28.086398809529587,28.086398809529587,28.08639880952958,28.086398809529577,28.086398809529566,28.08639880952956,28.08639880952955,28.086398809529538,28.086398809529527,28.08639880952952,28.086398809529513,28.086398809529506,28.086398809529495,28.08639880952948,28.086398809529477,28.086398809529474,28.086398809529467,28.086398809529467,28.08639880952947,28.086398809529474,28.086398809529477,28.08639880952948,28.086398809529484,28.086398809529488,28.086398809529495,28.086398809529506,28.08639880952952,28.086398809529534,28.08639880952955,28.086398809529562,28.086398809529577,28.086398809529587,28.0863988095296,28.086398809529612,28.086398809529623,28.08639880952963,28.08639880952964,28.08639880952965,28.086398809529665,28.086398809529676,28.086398809529687,28.086398809529697,28.08639880952971,28.086398809529722,28.086398809529733,28.086398809529744,28.08639880952975,28.086398809529758,28.086398809529758,28.086398809529758,28.086398809529758,28.086398809529758,28.086398809529758,28.086398809529758,28.086398809529758
5.8,1.94,28.206686507942482,28.206686507942482,28.206686507942486,28.20668650794249,28.206686507942493,28.206686507942493,28.206686507942493,28.206686507942493,28.206686507942493,28.206686507942493,28.206686507942493,28.206686507942496,28.206686507942496,28.206686507942496,28.206686507942496,28.206686507942504,28.206686507942504,28.2066865079425,28.2066865079425,28.206686507942504,28.206686507942507,28.206686507942514,28.206686507942518,28.206686507942518,28.206686507942518,28.206686507942514,28.206686507942514,28.20668650794251,28.206686507942507,28.206686507942504,28.206686507942504,28.206686507942496,28.206686507942486,28.20668650794248,28.206686507942468,28.20668650794246,28.206686507942457,28.20668650794245,28.206686507942443,28.206686507942436,28.20668650794243,28.206686507942425,28.20668650794242,28.20668650794241,28.206686507942404,28.2066865079424,28.206686507942397,28.206686507942393,28.20668650794239,28.206686507942383,28.206686507942372,28.20668650794236,28.206686507942358,28.20668650794235,28.206686507942337,28.20668650794233,28.206686507942326,28.206686507942315,28.206686507942305,28.206686507942294,28.206686507942287,28.20668650794228,28.20668650794228,28.20668650794228,28.20668650794228,28.206686507942283,28.206686507942287,28.206686507942294,28.206686507942297,28.2066865079423,28.20668650794231,28.206686507942322,28.206686507942333,28.206686507942344,28.206686507942358,28.206686507942376,28.206686507942393,28.206686507942404,28.206686507942415,28.20668650794243,28.20668650794244,28.20668650794245,28.20668650794246,28.20668650794247,28.206686507942482,28.206686507942493,28.206686507942507,28.206686507942514,28.206686507942525,28.20668650794254,28.206686507942546,28.206686507942557,28.206686507942567,28.206686507942575,28.206686507942578,28.206686507942578,28.206686507942578,28.206686507942578,28.206686507942578,28.20668650794258,28.20668650794258
5.9,1.94,28.326974206355302,28.326974206355302,28.326974206355302,28.326974206355302,28.326974206355306,28.32697420635531,28.326974206355306,28.32697420635531,28.326974206355306,28.326974206355306,28.326974206355306,28.32697420635531,28.326974206355306,28.326974206355306,28.326974206355306,28.32697420635531,28.32697420635531,28.32697420635531,28.326974206355313,28.326974206355317,28.32697420635532,28.326974206355327,28.32697420635533,28.32697420635533,28.32697420635533,28.32697420635533,28.32697420635533,28.326974206355327,28.32697420635532,28.326974206355313,28.326974206355306,28.3269742063553,28.326974206355292,28.326974206355285,28.326974206355274,28.326974206355263,28.32697420635526,28.326974206355253,28.326974206355246,28.32697420635524,28.32697420635523,28.326974206355228,28.32697420635522,28.326974206355214,28.326974206355207,28.326974206355203,28.326974206355203,28.326974206355203,28.3269742063552,28.326974206355196,28.32697420635519,28.32697420635518,28.326974206355175,28.326974206355167,28.326974206355157,28.32697420635515,28.326974206355143,28.326974206355136,28.326974206355125,28.32697420635511,28.326974206355104,28.3269742063551,28.326974206355096,28.326974206355096,28.326974206355096,28.326974206355104,28.326974206355107,28.32697420635511,28.326974206355114,28.326974206355118,28.326974206355125,28.32697420635514,28.32697420635515,28.326974206355164,28.326974206355175,28.32697420635519,28.326974206355203,28.326974206355214,28.326974206355228,28.326974206355242,28.326974206355253,28.326974206355263,28.326974206355278,28.326974206355292,28.326974206355302,28.326974206355317,28.32697420635533,28.326974206355338,28.32697420635535,28.326974206355363,28.32697420635537,28.326974206355377,28.326974206355384,28.326974206355388,28.326974206355388,28.326974206355388,28.326974206355388,28.326974206355388,28.32697420635539,28.32697420635539,28.326974206355395
6.0,1.94,28.447261904768094,28.447261904768098,28.4472619047681,28.447261904768105,28.44726190476811,28.447261904768116,28.447261904768116,28.447261904768116,28.447261904768112,28.447261904768112,28.447261904768116,28.447261904768112,28.447261904768116,28.44726190476812,28.44726190476812,28.447261904768123,28.447261904768123,28.447261904768123,28.447261904768123,28.447261904768126,28.447261904768133,28.44726190476814,28.447261904768148,28.447261904768148,28.447261904768148,28.447261904768144,28.44726190476814,28.447261904768137,28.447261904768133,28.447261904768126,28.447261904768123,28.447261904768116,28.44726190476811,28.4472619047681,28.44726190476809,28.447261904768084,28.447261904768077,28.44726190476807,28.44726190476806,28.44726190476805,28.447261904768045,28.44726190476804,28.447261904768038,28.447261904768034,28.44726190476803,28.447261904768027,28.447261904768027,28.447261904768023,28.447261904768016,28.44726190476801,28.447261904768006,28.447261904767995,28.447261904767988,28.44726190476798,28.447261904767974,28.447261904767963,28.447261904767952,28.44726190476794,28.44726190476793,28.447261904767917,28.44726190476791,28.447261904767906,28.4472619047679,28.4472619047679,28.4472619047679,28.447261904767906,28.44726190476791,28.447261904767913,28.447261904767917,28.44726190476792,28.44726190476793,28.447261904767945,28.447261904767956,28.44726190476797,28.447261904767984,28.447261904768,28.447261904768013,28.447261904768027,28.447261904768038,28.44726190476805,28.44726190476806,28.44726190476807,28.447261904768084,28.447261904768098,28.44726190476811,28.44726190476812,28.447261904768133,28.447261904768148,28.44726190476816,28.44726190476817,28.447261904768176,28.447261904768187,28.447261904768197,28.447261904768204,28.447261904768208,28.447261904768208,28.447261904768208,28.447261904768208,28.447261904768208,28.44726190476821,28.44726190476821
6.1,1.94,28.56754960318091,28.56754960318091,28.567549603180915,28.567549603180915,28.567549603180918,28.56754960318092,28.567549603180918,28.56754960318092,28.567549603180925,28.56754960318093,28.56754960318093,28.56754960318093,28.56754960318093,28.56754960318093,28.56754960318093,28.56754960318093,28.56754960318093,28.56754960318093,28.56754960318093,28.567549603180932,28.56754960318094,28.567549603180947,28.56754960318095,28.567549603180954,28.567549603180957,28.567549603180957,28.567549603180957,28.567549603180954,28.567549603180947,28.567549603180943,28.567549603180936,28.56754960318093,28.567549603180918,28.567549603180915,28.567549603180908,28.5675496031809,28.567549603180897,28.567549603180886,28.56754960318088,28.56754960318087,28.56754960318086,28.567549603180854,28.567549603180847,28.567549603180844,28.56754960318084,28.56754960318084,28.567549603180836,28.56754960318084,28.567549603180833,28.56754960318083,28.567549603180826,28.56754960318082,28.567549603180815,28.56754960318081,28.5675496031808,28.56754960318079,28.567549603180783,28.567549603180773,28.56754960318076,28.567549603180748,28.567549603180737,28.567549603180733,28.567549603180726,28.56754960318073,28.567549603180726,28.567549603180726,28.56754960318073,28.567549603180733,28.567549603180737,28.56754960318074,28.56754960318075,28.567549603180762,28.567549603180773,28.567549603180783,28.567549603180797,28.567549603180815,28.567549603180826,28.56754960318084,28.56754960318085,28.56754960318086,28.567549603180872,28.56754960318089,28.5675496031809,28.56754960318091,28.567549603180925,28.56754960318094,28.56754960318095,28.56754960318096,28.567549603180968,28.567549603180982,28.56754960318099,28.567549603180996,28.567549603181007,28.56754960318101,28.567549603181018,28.56754960318102,28.567549603181025,28.567549603181025,28.567549603181025,28.567549603181025,28.567549603181025
6.2,1.94,28.68783730159374,28.68783730159374,28.68783730159374,28.68783730159374,28.687837301593742,28.687837301593746,28.687837301593742,28.687837301593742,28.687837301593742,28.687837301593742,28.687837301593742,28.687837301593742,28.687837301593742,28.687837301593746,28.68783730159375,28.687837301593753,28.687837301593756,28.687837301593753,28.68783730159376,28.687837301593763,28.687837301593767,28.68783730159377,28.687837301593774,28.687837301593778,28.687837301593774,28.68783730159377,28.68783730159377,28.687837301593767,28.687837301593763,28.68783730159376,28.687837301593756,28.687837301593753,28.687837301593742,28.687837301593735,28.687837301593728,28.687837301593717,28.687837301593714,28.687837301593706,28.6878373015937,28.687837301593692,28.687837301593685,28.687837301593678,28.68783730159367,28.687837301593667,28.687837301593664,28.68783730159366,28.687837301593664,28.68783730159366,28.687837301593653,28.68783730159365,28.687837301593643,28.687837301593635,28.68783730159363,28.687837301593618,28.687837301593607,28.687837301593596,28.68783730159359,28.687837301593582,28.68783730159357,28.687837301593557,28.68783730159355,28.687837301593543,28.687837301593536,28.687837301593532,28.687837301593532,28.687837301593536,28.68783730159354,28.687837301593543,28.687837301593547,28.68783730159355,28.68783730159356,28.68783730159357,28.687837301593586,28.687837301593596,28.687837301593607,28.68783730159362,28.687837301593635,28.68783730159365,28.687837301593664,28.687837301593675,28.687837301593685,28.6878373015937,28.687837301593714,28.687837301593724,28.687837301593735,28.687837301593746,28.687837301593756,28.687837301593767,28.687837301593778,28.68783730159379,28.6878373015938,28.687837301593806,28.687837301593817,28.68783730159382,28.687837301593824,28.687837301593827,28.68783730159383,28.687837301593834,28.687837301593834,28.687837301593834,28.687837301593834
6.3,1.94,28.80812500000656,28.80812500000656,28.808125000006562,28.808125000006562,28.808125000006562,28.808125000006566,28.808125000006566,28.808125000006562,28.808125000006562,28.808125000006562,28.808125000006562,28.808125000006562,28.808125000006562,28.808125000006562,28.808125000006566,28.80812500000657,28.808125000006573,28.808125000006573,28.808125000006573,28.808125000006576,28.80812500000658,28.808125000006587,28.808125000006594,28.808125000006594,28.80812500000659,28.808125000006587,28.808125000006587,28.808125000006576,28.808125000006573,28.80812500000657,28.80812500000657,28.808125000006562,28.808125000006555,28.80812500000655,28.808125000006545,28.808125000006537,28.80812500000653,28.808125000006523,28.80812500000652,28.808125000006513,28.808125000006505,28.808125000006502,28.808125000006495,28.80812500000649,28.808125000006488,28.808125000006484,28.808125000006484,28.80812500000648,28.808125000006473,28.80812500000647,28.808125000006466,28.808125000006452,28.808125000006445,28.808125000006438,28.808125000006427,28.808125000006417,28.80812500000641,28.808125000006395,28.808125000006388,28.808125000006378,28.808125000006367,28.80812500000636,28.808125000006356,28.808125000006356,28.80812500000636,28.808125000006363,28.808125000006363,28.808125000006367,28.808125000006367,28.80812500000637,28.808125000006378,28.80812500000639,28.808125000006406,28.80812500000642,28.80812500000643,28.80812500000645,28.80812500000646,28.808125000006473,28.808125000006488,28.808125000006502,28.80812500000651,28.80812500000652,28.808125000006534,28.808125000006545,28.808125000006555,28.808125000006566,28.808125000006576,28.808125000006587,28.8081250000066,28.808125000006612,28.80812500000662,28.808125000006626,28.808125000006633,28.80812500000664,28.808125000006644,28.808125000006644,28.808125000006644,28.808125000006648,28.808125000006648,28.808125000006648,28.80812500000665
6.4,1.94,28.92841269841937,28.92841269841937,28.928412698419372,28.92841269841937,28.92841269841937,28.928412698419372,28.92841269841937,28.928412698419372,28.928412698419372,28.928412698419375,28.92841269841938,28.92841269841938,28.92841269841938,28.92841269841938,28.92841269841938,28.92841269841938,28.928412698419383,28.92841269841938,28.92841269841938,28.928412698419383,28.92841269841939,28.928412698419397,28.928412698419404,28.928412698419404,28.928412698419407,28.928412698419407,28.928412698419407,28.928412698419404,28.9284126984194,28.928412698419397,28.928412698419393,28.92841269841939,28.92841269841938,28.928412698419375,28.928412698419365,28.928412698419358,28.92841269841935,28.928412698419343,28.92841269841934,28.928412698419333,28.928412698419322,28.928412698419315,28.928412698419304,28.9284126984193,28.928412698419297,28.928412698419294,28.928412698419294,28.92841269841929,28.928412698419287,28.92841269841928,28.928412698419276,28.92841269841927,28.92841269841926,28.928412698419255,28.928412698419244,28.928412698419233,28.928412698419226,28.928412698419216,28.928412698419205,28.928412698419194,28.928412698419187,28.928412698419177,28.928412698419173,28.928412698419173,28.928412698419173,28.92841269841918,28.928412698419184,28.928412698419187,28.928412698419194,28.9284126984192,28.92841269841921,28.92841269841922,28.92841269841923,28.92841269841924,28.92841269841925,28.928412698419265,28.92841269841928,28.928412698419294,28.928412698419304,28.928412698419315,28.928412698419326,28.928412698419336,28.928412698419347,28.928412698419358,28.928412698419372,28.928412698419383,28.928412698419397,28.928412698419407,28.92841269841942,28.928412698419436,28.928412698419443,28.92841269841945,28.928412698419457,28.928412698419464,28.928412698419464,28.928412698419464,28.928412698419464,28.928412698419464,28.928412698419468,28.92841269841947,28.92841269841947
6.5,1.94,29.048700396832185,29.048700396832185,29.04870039683219,29.04870039683219,29.04870039683219,29.048700396832196,29.048700396832192,29.048700396832196,29.048700396832192,29.048700396832192,29.048700396832192,29.048700396832192,29.048700396832192,29.048700396832192,29.048700396832192,29.048700396832196,29.0487003968322,29.0487003968322,29.0487003968322,29.048700396832203,29.048700396832213,29.04870039683222,29.048700396832228,29.048700396832224,29.048700396832224,29.048700396832224,29.048700396832228,29.04870039683222,29.048700396832217,29.048700396832213,29.048700396832213,29.048700396832206,29.0487003968322,29.048700396832192,29.048700396832185,29.048700396832174,29.048700396832167,29.04870039683216,29.048700396832153,29.048700396832146,29.04870039683214,29.04870039683213,29.04870039683212,29.048700396832118,29.048700396832114,29.04870039683211,29.04870039683211,29.048700396832114,29.048700396832114,29.048700396832107,29.048700396832103,29.048700396832093,29.048700396832086,29.04870039683208,29.048700396832064,29.048700396832057,29.048700396832047,29.048700396832032,29.04870039683202,29.048700396832007,29.048700396831997,29.04870039683199,29.048700396831983,29.048700396831986,29.04870039683199,29.048700396831993,29.048700396831997,29.048700396832,29.048700396832004,29.048700396832007,29.048700396832015,29.048700396832025,29.048700396832036,29.04870039683205,29.048700396832064,29.048700396832082,29.048700396832093,29.048700396832103,29.048700396832118,29.048700396832132,29.048700396832146,29.048700396832157,29.048700396832167,29.048700396832174,29.04870039683219,29.048700396832203,29.048700396832217,29.048700396832228,29.048700396832242,29.048700396832253,29.048700396832263,29.04870039683227,29.04870039683228,29.048700396832288,29.048700396832288,29.048700396832288,29.048700396832288,29.048700396832288,29.048700396832288,29.048700396832288,29.048700396832288
6.6,1.94,29.168988095245,29.168988095245,29.168988095245002,29.168988095245,29.168988095245002,29.168988095245005,29.168988095245005,29.168988095245005,29.168988095245005,29.16898809524501,29.168988095245012,29.168988095245016,29.16898809524502,29.168988095245023,29.168988095245023,29.168988095245027,29.16898809524503,29.168988095245027,29.168988095245027,29.16898809524503,29.168988095245037,29.168988095245044,29.168988095245048,29.168988095245048,29.168988095245044,29.168988095245044,29.168988095245044,29.16898809524504,29.168988095245037,29.168988095245034,29.16898809524503,29.168988095245023,29.168988095245016,29.16898809524501,29.168988095245002,29.16898809524499,29.168988095244988,29.168988095244977,29.168988095244966,29.16898809524496,29.168988095244952,29.168988095244945,29.168988095244934,29.168988095244927,29.168988095244924,29.168988095244924,29.168988095244924,29.168988095244924,29.16898809524492,29.168988095244913,29.16898809524491,29.1689880952449,29.16898809524489,29.168988095244885,29.168988095244877,29.168988095244867,29.168988095244863,29.168988095244853,29.168988095244842,29.16898809524483,29.16898809524482,29.168988095244814,29.168988095244806,29.168988095244806,29.168988095244806,29.168988095244806,29.168988095244806,29.16898809524481,29.168988095244814,29.168988095244817,29.168988095244828,29.16898809524484,29.16898809524485,29.168988095244863,29.168988095244877,29.16898809524489,29.168988095244906,29.16898809524492,29.16898809524493,29.168988095244945,29.168988095244956,29.168988095244966,29.168988095244977,29.168988095244988,29.168988095245002,29.168988095245016,29.168988095245027,29.168988095245037,29.168988095245048,29.168988095245066,29.168988095245073,29.16898809524508,29.168988095245087,29.168988095245094,29.168988095245094,29.168988095245098,29.168988095245094,29.168988095245098,29.168988095245098,29.1689880952451,29.1689880952451
6.7,1.94,29.289275793657822,29.289275793657826,29.28927579365783,29.28927579365783,29.289275793657833,29.289275793657836,29.289275793657833,29.289275793657833,29.28927579365783,29.28927579365783,29.289275793657833,29.289275793657833,29.289275793657833,29.289275793657833,29.289275793657833,29.28927579365784,29.289275793657843,29.289275793657843,29.289275793657847,29.28927579365785,29.289275793657858,29.289275793657865,29.28927579365787,29.289275793657872,29.289275793657872,29.28927579365787,29.289275793657872,29.289275793657865,29.28927579365786,29.289275793657858,29.289275793657858,29.28927579365785,29.289275793657843,29.289275793657836,29.289275793657822,29.289275793657815,29.28927579365781,29.289275793657804,29.289275793657797,29.289275793657787,29.28927579365778,29.28927579365777,29.28927579365776,29.289275793657755,29.28927579365775,29.289275793657747,29.289275793657747,29.289275793657747,29.28927579365774,29.289275793657733,29.28927579365773,29.28927579365772,29.289275793657712,29.2892757936577,29.28927579365769,29.28927579365768,29.289275793657673,29.289275793657662,29.28927579365765,29.289275793657637,29.28927579365763,29.289275793657623,29.289275793657616,29.289275793657616,29.289275793657616,29.28927579365762,29.289275793657623,29.289275793657627,29.289275793657634,29.289275793657637,29.289275793657644,29.289275793657655,29.28927579365767,29.28927579365768,29.289275793657694,29.289275793657712,29.289275793657726,29.289275793657737,29.289275793657747,29.28927579365776,29.289275793657772,29.289275793657783,29.289275793657794,29.289275793657808,29.28927579365782,29.289275793657833,29.289275793657847,29.289275793657858,29.28927579365787,29.289275793657882,29.289275793657893,29.289275793657904,29.28927579365791,29.289275793657918,29.289275793657918,29.289275793657918,29.289275793657918,29.289275793657918,29.289275793657918,29.289275793657918,29.28927579365792
6.8,1.94,29.409563492070664,29.40956349207066,29.409563492070664,29.40956349207066,29.40956349207066,29.409563492070664,29.40956349207066,29.40956349207066,29.40956349207066,29.40956349207066,29.409563492070664,29.409563492070664,29.40956349207066,29.40956349207066,29.40956349207066,29.409563492070664,29.409563492070667,29.409563492070664,29.409563492070667,29.40956349207067,29.40956349207068,29.40956349207069,29.409563492070692,29.409563492070692,29.409563492070692,29.40956349207069,29.40956349207069,29.409563492070685,29.40956349207068,29.409563492070678,29.409563492070678,29.40956349207067,29.409563492070664,29.409563492070657,29.40956349207065,29.40956349207064,29.40956349207063,29.40956349207062,29.409563492070614,29.409563492070607,29.409563492070596,29.40956349207059,29.40956349207058,29.409563492070575,29.40956349207057,29.409563492070568,29.409563492070568,29.409563492070568,29.40956349207056,29.409563492070557,29.409563492070546,29.40956349207054,29.40956349207053,29.40956349207052,29.40956349207051,29.409563492070504,29.4095634920705,29.40956349207049,29.409563492070475,29.40956349207046,29.40956349207045,29.409563492070443,29.409563492070436,29.409563492070433,29.409563492070433,29.409563492070433,29.40956349207044,29.409563492070443,29.409563492070447,29.409563492070447,29.409563492070458,29.409563492070472,29.409563492070482,29.409563492070493,29.409563492070507,29.40956349207052,29.409563492070536,29.40956349207055,29.40956349207056,29.409563492070575,29.409563492070586,29.409563492070596,29.409563492070607,29.40956349207062,29.409563492070635,29.40956349207065,29.409563492070664,29.409563492070678,29.40956349207069,29.409563492070703,29.409563492070713,29.40956349207072,29.409563492070724,29.40956349207073,29.409563492070735,29.40956349207074,29.40956349207074,29.40956349207074,29.40956349207074,29.40956349207074,29.40956349207074
6.9,1.94,29.52985119048347,29.529851190483466,29.52985119048347,29.529851190483473,29.529851190483477,29.529851190483484,29.52985119048348,29.529851190483484,29.52985119048348,29.52985119048348,29.529851190483484,29.529851190483484,29.529851190483484,29.52985119048348,29.52985119048348,29.529851190483484,29.529851190483484,29.529851190483484,29.529851190483487,29.52985119048349,29.529851190483498,29.529851190483505,29.52985119048351,29.52985119048351,29.52985119048351,29.529851190483505,29.529851190483505,29.5298511904835,29.529851190483495,29.52985119048349,29.529851190483487,29.529851190483484,29.529851190483477,29.52985119048347,29.52985119048346,29.529851190483452,29.529851190483445,29.529851190483438,29.529851190483427,29.529851190483416,29.52985119048341,29.529851190483406,29.529851190483395,29.52985119048339,29.529851190483388,29.529851190483384,29.529851190483384,29.52985119048338,29.529851190483377,29.52985119048337,29.529851190483363,29.529851190483356,29.529851190483345,29.529851190483335,29.52985119048332,29.529851190483313,29.52985119048331,29.5298511904833,29.529851190483285,29.52985119048327,29.529851190483264,29.52985119048326,29.529851190483253,29.529851190483253,29.529851190483253,29.529851190483257,29.529851190483257,29.52985119048326,29.529851190483267,29.529851190483267,29.529851190483278,29.52985119048329,29.5298511904833,29.529851190483313,29.529851190483328,29.529851190483345,29.52985119048336,29.529851190483374,29.529851190483384,29.529851190483395,29.529851190483402,29.529851190483413,29.529851190483424,29.529851190483438,29.52985119048345,29.529851190483463,29.529851190483477,29.529851190483487,29.5298511904835,29.529851190483516,29.529851190483523,29.529851190483534,29.52985119048354,29.52985119048355,29.529851190483555,29.52985119048356,29.52985119048356,29.52985119048356,29.52985119048356,29.529851190483562,29.529851190483562
7.0,1.94,29.6501388888963,29.650138888896297,29.6501388888963,29.6501388888963,29.650138888896304,29.650138888896304,29.6501388888963,29.6501388888963,29.6501388888963,29.6501388888963,29.650138888896308,29.650138888896308,29.650138888896304,29.650138888896308,29.650138888896304,29.650138888896304,29.650138888896304,29.6501388888963,29.650138888896297,29.6501388888963,29.650138888896308,29.650138888896315,29.65013888889632,29.650138888896322,29.650138888896322,29.650138888896322,29.650138888896322,29.650138888896315,29.65013888889631,29.650138888896308,29.650138888896304,29.650138888896297,29.650138888896286,29.65013888889628,29.65013888889627,29.65013888889626,29.650138888896258,29.65013888889625,29.65013888889624,29.650138888896233,29.650138888896226,29.65013888889622,29.65013888889621,29.6501388888962,29.650138888896198,29.650138888896194,29.650138888896194,29.650138888896194,29.650138888896187,29.65013888889618,29.650138888896173,29.650138888896166,29.650138888896162,29.650138888896155,29.65013888889614,29.65013888889613,29.650138888896123,29.650138888896112,29.6501388888961,29.650138888896088,29.65013888889608,29.650138888896073,29.65013888889607,29.65013888889607,29.65013888889607,29.65013888889607,29.650138888896073,29.65013888889608,29.650138888896084,29.650138888896088,29.650138888896095,29.650138888896105,29.650138888896116,29.65013888889613,29.650138888896148,29.650138888896166,29.650138888896176,29.650138888896187,29.650138888896198,29.65013888889621,29.65013888889622,29.650138888896233,29.650138888896247,29.65013888889626,29.650138888896272,29.650138888896283,29.650138888896297,29.650138888896308,29.65013888889632,29.650138888896333,29.650138888896343,29.650138888896354,29.650138888896365,29.650138888896368,29.650138888896368,29.650138888896368,29.65013888889637,29.650138888896375,29.650138888896375,29.65013888889638,29.65013888889638
7.1,1.94,29.770426587309124,29.770426587309124,29.770426587309128,29.770426587309124,29.770426587309124,29.770426587309128,29.770426587309124,29.770426587309128,29.770426587309124,29.770426587309124,29.770426587309128,29.770426587309124,29.770426587309124,29.770426587309124,29.770426587309124,29.770426587309124,29.770426587309128,29.770426587309124,29.770426587309124,29.770426587309124,29.77042658730913,29.77042658730914,29.770426587309142,29.770426587309146,29.770426587309146,29.770426587309142,29.77042658730914,29.770426587309135,29.77042658730913,29.770426587309128,29.770426587309124,29.770426587309117,29.770426587309107,29.7704265873091,29.77042658730909,29.770426587309082,29.770426587309075,29.77042658730907,29.770426587309064,29.770426587309057,29.770426587309046,29.77042658730904,29.770426587309032,29.770426587309025,29.77042658730902,29.770426587309018,29.770426587309014,29.77042658730901,29.770426587309004,29.770426587309,29.770426587308993,29.770426587308986,29.77042658730898,29.77042658730897,29.77042658730896,29.770426587308954,29.770426587308947,29.770426587308933,29.770426587308922,29.77042658730891,29.7704265873089,29.770426587308894,29.770426587308886,29.770426587308886,29.770426587308886,29.770426587308886,29.77042658730889,29.770426587308894,29.770426587308897,29.7704265873089,29.77042658730891,29.770426587308926,29.77042658730894,29.77042658730895,29.770426587308968,29.770426587308986,29.770426587308997,29.770426587309007,29.770426587309018,29.770426587309032,29.770426587309043,29.770426587309057,29.770426587309068,29.770426587309082,29.770426587309096,29.77042658730911,29.770426587309124,29.770426587309135,29.770426587309142,29.770426587309156,29.770426587309167,29.770426587309178,29.770426587309185,29.770426587309196,29.7704265873092,29.770426587309203,29.770426587309203,29.770426587309203,29.770426587309203,29.770426587309203,29.770426587309203
7.2,1.94,29.890714285721945,29.890714285721945,29.89071428572195,29.89071428572195,29.89071428572195,29.890714285721952,29.89071428572195,29.89071428572195,29.89071428572195,29.89071428572195,29.890714285721952,29.89071428572195,29.89071428572195,29.89071428572195,29.89071428572195,29.890714285721952,29.890714285721952,29.89071428572195,29.89071428572195,29.890714285721955,29.890714285721963,29.890714285721966,29.89071428572197,29.89071428572197,29.89071428572197,29.89071428572197,29.890714285721966,29.89071428572196,29.890714285721955,29.89071428572195,29.890714285721945,29.890714285721934,29.890714285721923,29.890714285721913,29.890714285721906,29.890714285721902,29.890714285721895,29.890714285721888,29.89071428572188,29.890714285721874,29.890714285721863,29.890714285721856,29.890714285721845,29.89071428572184,29.890714285721838,29.890714285721835,29.890714285721838,29.890714285721835,29.890714285721828,29.890714285721817,29.890714285721813,29.89071428572181,29.890714285721806,29.8907142857218,29.890714285721785,29.89071428572177,29.890714285721764,29.890714285721753,29.890714285721746,29.89071428572173,29.89071428572172,29.890714285721714,29.89071428572171,29.890714285721707,29.890714285721707,29.890714285721707,29.890714285721714,29.890714285721717,29.89071428572172,29.89071428572172,29.89071428572173,29.890714285721746,29.89071428572176,29.890714285721774,29.890714285721792,29.89071428572181,29.89071428572182,29.89071428572183,29.89071428572184,29.890714285721856,29.89071428572187,29.890714285721888,29.8907142857219,29.890714285721913,29.890714285721923,29.890714285721938,29.89071428572195,29.89071428572196,29.890714285721966,29.89071428572198,29.89071428572199,29.890714285722,29.89071428572201,29.89071428572202,29.890714285722023,29.890714285722023,29.890714285722026,29.890714285722026,29.890714285722026,29.890714285722026,29.890714285722026
7.3,1.94,30.011001984134758,30.011001984134754,30.011001984134758,30.011001984134754,30.011001984134758,30.011001984134758,30.011001984134754,30.011001984134758,30.01100198413476,30.01100198413476,30.011001984134765,30.011001984134765,30.011001984134765,30.011001984134765,30.011001984134765,30.01100198413477,30.01100198413477,30.01100198413477,30.01100198413477,30.011001984134772,30.01100198413478,30.011001984134783,30.01100198413479,30.01100198413479,30.01100198413479,30.01100198413479,30.011001984134786,30.01100198413478,30.011001984134776,30.01100198413477,30.011001984134765,30.011001984134758,30.011001984134747,30.011001984134737,30.01100198413473,30.01100198413472,30.011001984134715,30.011001984134708,30.0110019841347,30.011001984134698,30.011001984134687,30.01100198413468,30.01100198413467,30.011001984134666,30.011001984134662,30.011001984134662,30.01100198413466,30.01100198413466,30.01100198413465,30.011001984134648,30.011001984134644,30.011001984134637,30.011001984134626,30.011001984134616,30.011001984134605,30.011001984134595,30.011001984134587,30.01100198413458,30.01100198413457,30.011001984134555,30.011001984134545,30.011001984134538,30.01100198413453,30.01100198413453,30.011001984134534,30.011001984134534,30.011001984134538,30.01100198413454,30.01100198413454,30.011001984134545,30.011001984134552,30.011001984134563,30.011001984134573,30.011001984134587,30.0110019841346,30.01100198413462,30.011001984134634,30.011001984134648,30.011001984134662,30.01100198413468,30.01100198413469,30.0110019841347,30.011001984134715,30.01100198413473,30.01100198413474,30.011001984134754,30.01100198413477,30.01100198413478,30.01100198413479,30.011001984134804,30.01100198413481,30.011001984134822,30.01100198413483,30.011001984134836,30.01100198413484,30.011001984134843,30.011001984134847,30.011001984134847,30.01100198413485,30.01100198413485,30.01100198413485
7.4,1.94,30.131289682547582,30.13128968254758,30.13128968254758,30.13128968254758,30.13128968254758,30.131289682547582,30.13128968254758,30.13128968254758,30.13128968254758,30.13128968254758,30.131289682547582,30.131289682547582,30.131289682547582,30.131289682547585,30.13128968254759,30.13128968254759,30.131289682547592,30.13128968254759,30.13128968254759,30.131289682547596,30.131289682547603,30.131289682547607,30.13128968254761,30.13128968254761,30.131289682547614,30.13128968254761,30.131289682547614,30.131289682547607,30.131289682547603,30.1312896825476,30.131289682547592,30.131289682547585,30.131289682547575,30.13128968254757,30.131289682547564,30.131289682547553,30.131289682547546,30.13128968254754,30.131289682547532,30.131289682547525,30.131289682547518,30.13128968254751,30.131289682547504,30.1312896825475,30.131289682547493,30.13128968254749,30.13128968254749,30.131289682547482,30.131289682547475,30.13128968254747,30.131289682547468,30.13128968254746,30.131289682547454,30.131289682547447,30.131289682547433,30.131289682547422,30.131289682547415,30.1312896825474,30.13128968254739,30.131289682547376,30.131289682547365,30.131289682547358,30.131289682547354,30.131289682547354,30.13128968254735,30.131289682547354,30.131289682547358,30.13128968254736,30.131289682547365,30.131289682547365,30.131289682547376,30.13128968254739,30.131289682547404,30.13128968254742,30.131289682547433,30.131289682547447,30.131289682547457,30.13128968254747,30.131289682547486,30.1312896825475,30.131289682547507,30.13128968254752,30.131289682547536,30.13128968254755,30.13128968254756,30.13128968254757,30.131289682547585,30.1312896825476,30.13128968254761,30.131289682547628,30.131289682547635,30.131289682547646,30.131289682547653,30.131289682547656,30.131289682547656,30.13128968254766,30.131289682547663,30.131289682547667,30.131289682547667,30.13128968254767,30.131289682547674
7.5,1.94,30.251577380960388,30.25157738096039,30.25157738096039,30.25157738096039,30.251577380960395,30.251577380960402,30.2515773809604,30.2515773809604,30.251577380960402,30.251577380960406,30.25157738096041,30.251577380960413,30.251577380960413,30.251577380960416,30.251577380960416,30.251577380960416,30.251577380960416,30.251577380960416,30.251577380960413,30.251577380960416,30.251577380960423,30.25157738096043,30.25157738096043,30.25157738096043,30.251577380960434,30.251577380960434,30.25157738096043,30.251577380960423,30.25157738096042,30.251577380960413,30.25157738096041,30.251577380960402,30.25157738096039,30.251577380960388,30.251577380960377,30.25157738096037,30.251577380960363,30.251577380960356,30.25157738096035,30.25157738096034,30.25157738096033,30.251577380960327,30.251577380960317,30.25157738096031,30.251577380960306,30.251577380960306,30.25157738096031,30.25157738096031,30.251577380960306,30.2515773809603,30.251577380960292,30.25157738096028,30.25157738096027,30.251577380960263,30.251577380960253,30.251577380960242,30.251577380960235,30.251577380960224,30.251577380960214,30.2515773809602,30.25157738096019,30.251577380960182,30.25157738096018,30.251577380960175,30.251577380960175,30.251577380960175,30.25157738096018,30.251577380960182,30.251577380960185,30.25157738096019,30.2515773809602,30.251577380960214,30.251577380960224,30.251577380960242,30.251577380960256,30.251577380960274,30.251577380960285,30.2515773809603,30.251577380960313,30.251577380960327,30.251577380960338,30.251577380960352,30.251577380960363,30.251577380960374,30.251577380960388,30.251577380960402,30.25157738096042,30.25157738096043,30.25157738096044,30.251577380960455,30.251577380960466,30.251577380960473,30.25157738096048,30.251577380960487,30.25157738096049,30.251577380960494,30.251577380960494,30.251577380960494,30.251577380960494,30.251577380960494,30.251577380960494
7.6,1.94,30.371865079373215,30.371865079373215,30.37186507937322,30.37186507937322,30.371865079373222,30.371865079373222,30.371865079373222,30.371865079373222,30.371865079373222,30.371865079373222,30.371865079373226,30.37186507937323,30.371865079373233,30.371865079373233,30.371865079373233,30.371865079373237,30.371865079373237,30.371865079373233,30.371865079373233,30.37186507937324,30.371865079373244,30.37186507937325,30.371865079373258,30.371865079373254,30.371865079373254,30.37186507937325,30.37186507937325,30.371865079373247,30.371865079373244,30.37186507937324,30.371865079373237,30.37186507937323,30.37186507937322,30.371865079373215,30.371865079373205,30.371865079373197,30.37186507937319,30.371865079373183,30.371865079373173,30.371865079373165,30.371865079373155,30.371865079373148,30.371865079373144,30.371865079373137,30.371865079373134,30.37186507937313,30.37186507937313,30.37186507937313,30.371865079373123,30.371865079373116,30.371865079373112,30.3718650793731,30.37186507937309,30.371865079373084,30.371865079373073,30.371865079373066,30.37186507937306,30.371865079373045,30.37186507937303,30.37186507937302,30.37186507937301,30.371865079373002,30.371865079372995,30.371865079372995,30.371865079372995,30.371865079373,30.371865079373002,30.371865079373006,30.37186507937301,30.371865079373013,30.371865079373023,30.371865079373038,30.371865079373052,30.371865079373062,30.371865079373077,30.371865079373094,30.371865079373112,30.371865079373126,30.37186507937314,30.371865079373155,30.371865079373165,30.37186507937318,30.371865079373194,30.371865079373208,30.371865079373222,30.371865079373233,30.371865079373247,30.371865079373254,30.371865079373265,30.37186507937328,30.37186507937329,30.3718650793733,30.37186507937331,30.371865079373315,30.371865079373315,30.371865079373315,30.37186507937332,30.37186507937332,30.37186507937332,30.37186507937332,30.37186507937332
7.7,1.94,30.492152777786046,30.492152777786043,30.492152777786043,30.492152777786043,30.49215277778605,30.492152777786053,30.492152777786046,30.49215277778605,30.492152777786046,30.492152777786046,30.492152777786046,30.49215277778605,30.492152777786053,30.492152777786057,30.49215277778606,30.49215277778606,30.492152777786064,30.49215277778606,30.492152777786057,30.49215277778606,30.492152777786067,30.492152777786075,30.49215277778608,30.49215277778608,30.49215277778608,30.49215277778608,30.49215277778608,30.492152777786075,30.492152777786067,30.49215277778606,30.492152777786057,30.492152777786046,30.492152777786036,30.492152777786032,30.49215277778602,30.492152777786014,30.492152777786007,30.492152777786004,30.492152777785993,30.492152777785986,30.492152777785975,30.49215277778597,30.492152777785964,30.492152777785957,30.492152777785954,30.492152777785947,30.49215277778595,30.49215277778595,30.492152777785943,30.49215277778594,30.492152777785936,30.49215277778593,30.492152777785922,30.492152777785915,30.492152777785904,30.492152777785893,30.492152777785883,30.492152777785872,30.492152777785858,30.492152777785844,30.492152777785833,30.492152777785826,30.49215277778582,30.492152777785815,30.492152777785815,30.492152777785815,30.492152777785822,30.492152777785826,30.49215277778583,30.492152777785833,30.492152777785844,30.492152777785858,30.49215277778587,30.492152777785886,30.4921527777859,30.49215277778592,30.492152777785932,30.492152777785947,30.49215277778596,30.492152777785975,30.492152777785986,30.492152777786,30.492152777786018,30.49215277778603,30.492152777786043,30.492152777786057,30.49215277778607,30.49215277778608,30.492152777786096,30.492152777786107,30.492152777786117,30.492152777786124,30.492152777786135,30.492152777786146,30.49215277778615,30.492152777786153,30.492152777786156,30.492152777786156,30.492152777786156,30.492152777786156,30.492152777786156
7.8,1.94,30.612440476198888,30.612440476198884,30.612440476198888,30.612440476198884,30.612440476198884,30.612440476198884,30.61244047619888,30.61244047619888,30.61244047619888,30.61244047619888,30.612440476198884,30.612440476198884,30.612440476198884,30.612440476198884,30.612440476198884,30.612440476198884,30.612440476198884,30.61244047619888,30.61244047619888,30.612440476198888,30.612440476198895,30.612440476198902,30.612440476198906,30.612440476198906,30.612440476198906,30.612440476198906,30.612440476198906,30.6124404761989,30.61244047619889,30.612440476198888,30.612440476198884,30.612440476198877,30.612440476198866,30.61244047619886,30.61244047619885,30.61244047619884,30.612440476198838,30.61244047619883,30.61244047619882,30.612440476198813,30.612440476198802,30.612440476198795,30.612440476198785,30.612440476198778,30.612440476198774,30.612440476198774,30.61244047619877,30.612440476198767,30.61244047619876,30.612440476198756,30.612440476198756,30.61244047619875,30.61244047619874,30.612440476198728,30.612440476198717,30.612440476198707,30.6124404761987,30.612440476198692,30.61244047619868,30.612440476198667,30.612440476198657,30.61244047619865,30.612440476198646,30.612440476198643,30.612440476198643,30.612440476198643,30.612440476198646,30.61244047619865,30.612440476198653,30.612440476198657,30.612440476198667,30.61244047619868,30.612440476198696,30.612440476198707,30.612440476198724,30.612440476198742,30.612440476198756,30.612440476198774,30.61244047619879,30.612440476198802,30.612440476198813,30.612440476198827,30.61244047619884,30.612440476198856,30.61244047619887,30.612440476198884,30.6124404761989,30.612440476198913,30.612440476198923,30.612440476198937,30.612440476198945,30.612440476198955,30.612440476198962,30.612440476198973,30.612440476198977,30.61244047619898,30.61244047619898,30.61244047619898,30.612440476198984,30.612440476198987,30.61244047619899
7.9,1.94,30.73272817461169,30.73272817461169,30.73272817461169,30.732728174611694,30.732728174611697,30.732728174611697,30.732728174611694,30.732728174611694,30.732728174611694,30.732728174611697,30.732728174611697,30.732728174611697,30.732728174611697,30.7327281746117,30.7327281746117,30.732728174611704,30.732728174611708,30.732728174611704,30.732728174611704,30.732728174611708,30.732728174611715,30.73272817461172,30.732728174611726,30.73272817461173,30.73272817461173,30.73272817461173,30.73272817461173,30.732728174611726,30.73272817461172,30.73272817461171,30.732728174611708,30.7327281746117,30.73272817461169,30.732728174611683,30.732728174611673,30.732728174611665,30.732728174611662,30.732728174611655,30.732728174611648,30.73272817461164,30.732728174611633,30.732728174611626,30.73272817461162,30.732728174611616,30.732728174611612,30.732728174611612,30.73272817461161,30.732728174611605,30.7327281746116,30.732728174611598,30.73272817461159,30.732728174611584,30.732728174611573,30.732728174611562,30.73272817461155,30.73272817461154,30.732728174611534,30.732728174611523,30.73272817461151,30.7327281746115,30.73272817461149,30.732728174611488,30.73272817461148,30.73272817461148,30.73272817461148,30.73272817461148,30.73272817461148,30.732728174611484,30.732728174611488,30.73272817461149,30.732728174611502,30.732728174611513,30.73272817461153,30.73272817461154,30.73272817461156,30.732728174611573,30.732728174611587,30.7327281746116,30.73272817461162,30.732728174611633,30.732728174611644,30.732728174611655,30.73272817461167,30.732728174611683,30.732728174611697,30.73272817461171,30.732728174611726,30.73272817461174,30.73272817461175,30.732728174611765,30.73272817461177,30.73272817461178,30.73272817461179,30.732728174611797,30.732728174611804,30.732728174611808,30.73272817461181,30.732728174611815,30.732728174611815,30.732728174611815,30.732728174611815
8.0,1.94,30.85301587302453,30.85301587302453,30.85301587302453,30.85301587302453,30.85301587302453,30.853015873024532,30.85301587302453,30.85301587302453,30.853015873024532,30.85301587302453,30.85301587302453,30.85301587302453,30.85301587302453,30.85301587302453,30.853015873024532,30.853015873024535,30.853015873024535,30.853015873024535,30.853015873024535,30.85301587302454,30.853015873024543,30.85301587302455,30.853015873024553,30.853015873024553,30.853015873024553,30.853015873024553,30.853015873024553,30.85301587302455,30.853015873024543,30.853015873024535,30.853015873024532,30.853015873024525,30.853015873024514,30.853015873024507,30.8530158730245,30.853015873024493,30.853015873024486,30.853015873024482,30.853015873024475,30.853015873024464,30.853015873024457,30.85301587302445,30.853015873024443,30.85301587302444,30.853015873024436,30.853015873024432,30.853015873024436,30.853015873024436,30.853015873024436,30.85301587302443,30.85301587302442,30.85301587302441,30.8530158730244,30.85301587302439,30.85301587302438,30.853015873024372,30.853015873024365,30.85301587302435,30.853015873024336,30.853015873024322,30.853015873024315,30.853015873024308,30.8530158730243,30.8530158730243,30.8530158730243,30.853015873024308,30.85301587302431,30.853015873024315,30.85301587302432,30.853015873024322,30.85301587302433,30.853015873024344,30.853015873024358,30.853015873024372,30.853015873024386,30.853015873024404,30.853015873024418,30.853015873024432,30.853015873024443,30.853015873024457,30.853015873024468,30.853015873024482,30.853015873024493,30.853015873024507,30.85301587302452,30.853015873024535,30.85301587302455,30.853015873024564,30.853015873024578,30.853015873024596,30.853015873024603,30.853015873024614,30.85301587302462,30.85301587302463,30.853015873024635,30.85301587302464,30.85301587302464,30.853015873024646,30.853015873024642,30.853015873024642,30.853015873024646
8.1,1.94,30.97330357143735,30.97330357143735,30.97330357143735,30.973303571437345,30.97330357143735,30.97330357143735,30.973303571437345,30.973303571437345,30.973303571437345,30.973303571437345,30.973303571437352,30.97330357143735,30.973303571437352,30.973303571437356,30.973303571437356,30.97330357143736,30.973303571437363,30.973303571437363,30.973303571437363,30.97330357143737,30.973303571437377,30.97330357143738,30.973303571437384,30.973303571437388,30.973303571437384,30.97330357143738,30.973303571437377,30.973303571437373,30.97330357143737,30.973303571437363,30.97330357143736,30.973303571437356,30.97330357143735,30.97330357143734,30.97330357143733,30.973303571437324,30.973303571437317,30.97330357143731,30.973303571437302,30.973303571437295,30.97330357143729,30.973303571437285,30.973303571437278,30.97330357143727,30.973303571437267,30.973303571437263,30.973303571437263,30.973303571437263,30.97330357143726,30.973303571437253,30.97330357143725,30.97330357143724,30.97330357143723,30.973303571437224,30.973303571437214,30.973303571437203,30.973303571437196,30.973303571437185,30.97330357143717,30.973303571437157,30.973303571437143,30.973303571437135,30.97330357143713,30.97330357143713,30.973303571437132,30.973303571437135,30.97330357143714,30.97330357143714,30.973303571437143,30.973303571437146,30.973303571437157,30.97330357143717,30.97330357143718,30.973303571437196,30.973303571437206,30.973303571437228,30.973303571437246,30.97330357143726,30.973303571437274,30.973303571437285,30.973303571437295,30.97330357143731,30.973303571437324,30.973303571437334,30.973303571437352,30.973303571437366,30.97330357143738,30.97330357143739,30.9733035714374,30.973303571437413,30.973303571437423,30.97330357143743,30.97330357143744,30.973303571437448,30.97330357143745,30.973303571437455,30.973303571437455,30.97330357143746,30.97330357143746,30.97330357143746,30.97330357143746
8.2,1.94,31.093591269850183,31.093591269850183,31.093591269850187,31.093591269850187,31.093591269850187,31.093591269850194,31.09359126985019,31.09359126985019,31.093591269850194,31.09359126985019,31.09359126985019,31.09359126985019,31.09359126985019,31.093591269850194,31.09359126985019,31.09359126985019,31.093591269850194,31.09359126985019,31.09359126985019,31.093591269850197,31.0935912698502,31.093591269850204,31.093591269850208,31.09359126985021,31.09359126985021,31.09359126985021,31.09359126985021,31.093591269850208,31.0935912698502,31.093591269850197,31.093591269850194,31.093591269850187,31.093591269850176,31.09359126985017,31.093591269850158,31.093591269850148,31.09359126985014,31.093591269850133,31.093591269850126,31.09359126985012,31.093591269850112,31.093591269850105,31.093591269850098,31.093591269850094,31.09359126985009,31.093591269850087,31.093591269850087,31.093591269850087,31.09359126985008,31.09359126985008,31.093591269850076,31.093591269850066,31.09359126985006,31.09359126985005,31.09359126985004,31.093591269850034,31.093591269850027,31.093591269850013,31.09359126985,31.09359126984998,31.09359126984997,31.093591269849963,31.093591269849956,31.093591269849956,31.093591269849956,31.09359126984996,31.093591269849963,31.093591269849966,31.09359126984997,31.093591269849973,31.093591269849988,31.093591269850002,31.093591269850013,31.09359126985003,31.093591269850045,31.093591269850066,31.093591269850076,31.09359126985009,31.093591269850105,31.09359126985012,31.09359126985013,31.09359126985014,31.09359126985015,31.093591269850165,31.09359126985018,31.093591269850194,31.093591269850204,31.093591269850215,31.093591269850222,31.093591269850236,31.093591269850247,31.093591269850258,31.093591269850265,31.09359126985027,31.093591269850272,31.093591269850275,31.09359126985028,31.093591269850283,31.093591269850283,31.093591269850286,31.093591269850286
8.3,1.94,31.21387896826301,31.21387896826301,31.21387896826301,31.21387896826301,31.21387896826301,31.213878968263014,31.21387896826301,31.213878968263014,31.21387896826301,31.213878968263014,31.213878968263018,31.213878968263018,31.21387896826302,31.21387896826302,31.21387896826302,31.213878968263025,31.213878968263025,31.21387896826302,31.21387896826302,31.213878968263025,31.213878968263028,31.213878968263035,31.21387896826304,31.21387896826304,31.21387896826304,31.21387896826304,31.21387896826304,31.213878968263035,31.213878968263028,31.213878968263025,31.21387896826302,31.21387896826301,31.213878968263,31.213878968262993,31.213878968262982,31.213878968262975,31.21387896826297,31.213878968262968,31.213878968262957,31.21387896826295,31.213878968262943,31.213878968262932,31.213878968262925,31.21387896826292,31.213878968262918,31.213878968262918,31.213878968262918,31.213878968262918,31.21387896826291,31.213878968262907,31.2138789682629,31.213878968262893,31.213878968262886,31.213878968262875,31.213878968262865,31.213878968262854,31.213878968262847,31.213878968262836,31.213878968262826,31.21387896826281,31.2138789682628,31.213878968262794,31.21387896826279,31.213878968262787,31.213878968262787,31.213878968262787,31.213878968262787,31.21387896826279,31.213878968262794,31.213878968262797,31.213878968262808,31.213878968262822,31.21387896826284,31.213878968262854,31.213878968262872,31.21387896826289,31.213878968262907,31.21387896826292,31.213878968262936,31.213878968262947,31.213878968262957,31.21387896826297,31.213878968262986,31.213878968262996,31.213878968263014,31.213878968263028,31.213878968263042,31.213878968263053,31.21387896826306,31.21387896826307,31.213878968263074,31.21387896826308,31.21387896826309,31.213878968263092,31.213878968263096,31.2138789682631,31.213878968263103,31.213878968263106,31.213878968263106,31.21387896826311,31.213878968263113
8.4,1.94,31.334166666675834,31.334166666675834,31.334166666675838,31.33416666667584,31.334166666675845,31.334166666675852,31.33416666667585,31.33416666667585,31.334166666675845,31.33416666667585,31.33416666667585,31.33416666667585,31.33416666667585,31.334166666675852,31.33416666667585,31.33416666667585,31.334166666675852,31.334166666675852,31.33416666667585,31.334166666675856,31.33416666667586,31.334166666675863,31.33416666667587,31.334166666675873,31.334166666675873,31.33416666667587,31.334166666675866,31.33416666667586,31.334166666675856,31.334166666675852,31.33416666667585,31.33416666667584,31.33416666667583,31.334166666675824,31.334166666675813,31.334166666675802,31.334166666675795,31.334166666675788,31.33416666667578,31.33416666667577,31.334166666675763,31.33416666667576,31.334166666675753,31.334166666675745,31.334166666675742,31.33416666667574,31.334166666675742,31.334166666675742,31.334166666675735,31.33416666667573,31.33416666667572,31.334166666675713,31.334166666675703,31.334166666675696,31.334166666675685,31.334166666675678,31.33416666667567,31.334166666675657,31.334166666675642,31.334166666675628,31.334166666675618,31.33416666667561,31.334166666675603,31.334166666675603,31.334166666675603,31.334166666675603,31.334166666675607,31.334166666675614,31.334166666675618,31.33416666667562,31.33416666667563,31.334166666675646,31.33416666667566,31.334166666675674,31.334166666675692,31.33416666667571,31.334166666675724,31.334166666675742,31.334166666675753,31.334166666675767,31.334166666675777,31.33416666667579,31.334166666675806,31.33416666667582,31.334166666675838,31.334166666675852,31.334166666675863,31.334166666675873,31.334166666675884,31.334166666675895,31.334166666675905,31.334166666675916,31.334166666675923,31.334166666675927,31.334166666675927,31.33416666667593,31.334166666675934,31.334166666675937,31.33416666667594,31.334166666675944,31.334166666675944
8.5,1.94,31.454454365088672,31.454454365088672,31.454454365088672,31.454454365088672,31.454454365088672,31.454454365088676,31.454454365088672,31.454454365088676,31.454454365088672,31.454454365088672,31.454454365088672,31.454454365088676,31.454454365088672,31.454454365088676,31.454454365088676,31.45445436508868,31.45445436508868,31.454454365088672,31.454454365088676,31.45445436508868,31.454454365088683,31.454454365088687,31.454454365088694,31.454454365088694,31.454454365088694,31.454454365088694,31.454454365088694,31.454454365088687,31.454454365088683,31.45445436508868,31.454454365088672,31.454454365088665,31.454454365088655,31.454454365088647,31.454454365088633,31.454454365088623,31.454454365088615,31.45445436508861,31.4544543650886,31.454454365088594,31.454454365088587,31.454454365088584,31.45445436508858,31.454454365088573,31.45445436508857,31.454454365088566,31.454454365088566,31.454454365088566,31.454454365088562,31.454454365088555,31.45445436508855,31.45445436508854,31.454454365088534,31.454454365088527,31.454454365088516,31.454454365088505,31.454454365088502,31.45445436508849,31.454454365088477,31.45445436508846,31.45445436508845,31.45445436508844,31.454454365088438,31.454454365088438,31.454454365088438,31.45445436508844,31.454454365088445,31.454454365088445,31.45445436508845,31.454454365088452,31.454454365088466,31.454454365088477,31.45445436508849,31.454454365088505,31.454454365088523,31.454454365088537,31.45445436508855,31.454454365088566,31.45445436508858,31.454454365088594,31.4544543650886,31.454454365088615,31.45445436508863,31.45445436508864,31.454454365088658,31.454454365088672,31.45445436508869,31.4544543650887,31.454454365088715,31.45445436508873,31.454454365088736,31.454454365088747,31.45445436508875,31.454454365088754,31.454454365088754,31.454454365088758,31.45445436508876,31.454454365088765,31.454454365088765,31.454454365088765,31.454454365088765
8.6,1.94,31.5747420635015,31.574742063501496,31.5747420635015,31.5747420635015,31.574742063501496,31.5747420635015,31.5747420635015,31.5747420635015,31.5747420635015,31.5747420635015,31.574742063501496,31.574742063501496,31.574742063501496,31.574742063501496,31.574742063501496,31.5747420635015,31.5747420635015,31.5747420635015,31.5747420635015,31.574742063501503,31.574742063501514,31.57474206350152,31.574742063501525,31.574742063501525,31.574742063501525,31.57474206350152,31.57474206350152,31.574742063501514,31.574742063501507,31.574742063501503,31.5747420635015,31.574742063501493,31.574742063501482,31.574742063501475,31.574742063501468,31.574742063501457,31.574742063501446,31.57474206350144,31.57474206350143,31.57474206350142,31.574742063501418,31.57474206350141,31.574742063501404,31.574742063501397,31.574742063501393,31.57474206350139,31.57474206350139,31.57474206350139,31.574742063501382,31.574742063501375,31.574742063501372,31.57474206350136,31.57474206350135,31.574742063501343,31.574742063501333,31.574742063501326,31.574742063501322,31.57474206350131,31.574742063501304,31.574742063501287,31.57474206350128,31.574742063501272,31.574742063501265,31.574742063501265,31.574742063501265,31.57474206350127,31.57474206350127,31.574742063501272,31.574742063501276,31.57474206350128,31.57474206350129,31.574742063501308,31.57474206350132,31.57474206350133,31.574742063501347,31.57474206350137,31.574742063501386,31.5747420635014,31.574742063501414,31.57474206350143,31.57474206350144,31.574742063501454,31.574742063501468,31.57474206350148,31.574742063501493,31.574742063501507,31.574742063501525,31.57474206350154,31.57474206350155,31.574742063501567,31.574742063501574,31.57474206350158,31.57474206350159,31.574742063501592,31.574742063501592,31.574742063501592,31.574742063501592,31.574742063501592,31.574742063501596,31.5747420635016,31.574742063501603
8.7,1.94,31.69502976191432,31.695029761914316,31.695029761914316,31.695029761914316,31.69502976191432,31.695029761914324,31.69502976191432,31.69502976191432,31.695029761914316,31.695029761914316,31.695029761914316,31.695029761914316,31.69502976191432,31.695029761914316,31.69502976191432,31.695029761914324,31.695029761914324,31.695029761914316,31.69502976191432,31.695029761914324,31.69502976191433,31.695029761914338,31.69502976191434,31.69502976191434,31.69502976191434,31.69502976191434,31.69502976191434,31.695029761914338,31.69502976191433,31.695029761914327,31.695029761914324,31.695029761914316,31.69502976191431,31.695029761914306,31.695029761914295,31.695029761914288,31.69502976191428,31.69502976191427,31.695029761914263,31.695029761914252,31.695029761914245,31.69502976191424,31.69502976191423,31.695029761914228,31.69502976191422,31.695029761914217,31.695029761914217,31.695029761914213,31.69502976191421,31.695029761914206,31.6950297619142,31.695029761914192,31.695029761914185,31.695029761914178,31.695029761914167,31.69502976191416,31.695029761914153,31.69502976191414,31.695029761914128,31.695029761914114,31.695029761914107,31.6950297619141,31.695029761914096,31.695029761914093,31.695029761914093,31.695029761914096,31.6950297619141,31.695029761914103,31.69502976191411,31.695029761914114,31.695029761914128,31.695029761914146,31.69502976191416,31.69502976191417,31.695029761914185,31.695029761914203,31.695029761914217,31.69502976191423,31.695029761914245,31.69502976191426,31.69502976191427,31.695029761914288,31.695029761914306,31.695029761914316,31.695029761914327,31.69502976191434,31.695029761914356,31.69502976191437,31.69502976191438,31.695029761914395,31.695029761914405,31.695029761914412,31.69502976191442,31.695029761914427,31.69502976191443,31.69502976191443,31.69502976191443,31.695029761914434,31.69502976191443,31.69502976191443,31.69502976191443
8.8,1.94,31.81531746032714,31.81531746032714,31.81531746032714,31.81531746032714,31.815317460327144,31.815317460327147,31.815317460327144,31.815317460327144,31.81531746032714,31.81531746032714,31.81531746032714,31.815317460327144,31.815317460327144,31.815317460327147,31.815317460327147,31.81531746032715,31.81531746032715,31.81531746032715,31.81531746032715,31.815317460327158,31.815317460327165,31.815317460327172,31.815317460327176,31.815317460327176,31.815317460327176,31.815317460327176,31.815317460327172,31.815317460327165,31.81531746032716,31.815317460327158,31.81531746032715,31.815317460327147,31.815317460327137,31.81531746032713,31.81531746032712,31.815317460327112,31.815317460327105,31.815317460327098,31.815317460327087,31.815317460327076,31.81531746032707,31.815317460327066,31.81531746032706,31.81531746032705,31.815317460327048,31.815317460327048,31.815317460327048,31.815317460327048,31.81531746032704,31.815317460327037,31.815317460327034,31.815317460327023,31.815317460327012,31.815317460327005,31.815317460326995,31.815317460326984,31.81531746032698,31.81531746032697,31.81531746032696,31.815317460326945,31.815317460326938,31.81531746032693,31.815317460326924,31.815317460326924,31.815317460326924,31.815317460326924,31.815317460326927,31.815317460326927,31.815317460326934,31.81531746032694,31.815317460326952,31.815317460326963,31.81531746032698,31.815317460326995,31.81531746032701,31.81531746032703,31.815317460327048,31.81531746032706,31.815317460327073,31.815317460327087,31.8153174603271,31.815317460327115,31.81531746032713,31.815317460327144,31.815317460327158,31.815317460327172,31.815317460327183,31.815317460327197,31.815317460327208,31.81531746032722,31.81531746032723,31.815317460327236,31.815317460327247,31.81531746032725,31.815317460327254,31.815317460327257,31.81531746032726,31.815317460327265,31.815317460327265,31.815317460327268,31.815317460327268
8.9,1.94,31.93560515873998,31.93560515873998,31.935605158739982,31.93560515873998,31.935605158739982,31.935605158739985,31.935605158739982,31.935605158739982,31.93560515873998,31.93560515873998,31.935605158739982,31.93560515873998,31.93560515873998,31.935605158739982,31.93560515873998,31.93560515873998,31.935605158739982,31.935605158739982,31.935605158739985,31.93560515873999,31.935605158739996,31.935605158740003,31.93560515874001,31.93560515874001,31.93560515874001,31.93560515874001,31.93560515874001,31.935605158740003,31.93560515874,31.935605158739993,31.93560515873999,31.93560515873998,31.935605158739968,31.93560515873996,31.935605158739946,31.935605158739936,31.935605158739932,31.935605158739925,31.935605158739914,31.935605158739907,31.935605158739897,31.93560515873989,31.935605158739886,31.93560515873988,31.935605158739875,31.93560515873987,31.93560515873987,31.93560515873987,31.935605158739865,31.935605158739858,31.935605158739854,31.935605158739847,31.93560515873984,31.935605158739833,31.93560515873982,31.93560515873981,31.935605158739808,31.935605158739794,31.93560515873978,31.935605158739765,31.935605158739758,31.93560515873975,31.935605158739747,31.935605158739747,31.935605158739747,31.93560515873975,31.935605158739758,31.93560515873976,31.935605158739765,31.93560515873977,31.93560515873978,31.935605158739794,31.935605158739808,31.935605158739822,31.93560515873984,31.935605158739858,31.93560515873987,31.935605158739886,31.935605158739904,31.935605158739918,31.93560515873993,31.935605158739943,31.935605158739957,31.93560515873997,31.935605158739985,31.93560515874,31.935605158740014,31.935605158740024,31.935605158740035,31.93560515874005,31.93560515874006,31.935605158740067,31.935605158740074,31.93560515874008,31.935605158740085,31.93560515874009,31.93560515874009,31.935605158740092,31.935605158740092,31.935605158740092,31.935605158740096
9.0,1.94,32.05589285715281,32.05589285715281,32.05589285715281,32.05589285715281,32.05589285715281,32.05589285715281,32.05589285715281,32.05589285715281,32.05589285715281,32.05589285715281,32.05589285715281,32.05589285715281,32.05589285715281,32.05589285715281,32.05589285715281,32.05589285715281,32.05589285715281,32.05589285715281,32.05589285715281,32.05589285715282,32.05589285715283,32.055892857152834,32.05589285715284,32.05589285715284,32.05589285715284,32.055892857152834,32.055892857152834,32.05589285715283,32.05589285715282,32.05589285715281,32.055892857152806,32.0558928571528,32.05589285715279,32.055892857152784,32.05589285715277,32.05589285715276,32.055892857152756,32.05589285715275,32.05589285715274,32.055892857152735,32.05589285715272,32.05589285715271,32.055892857152706,32.055892857152706,32.0558928571527,32.0558928571527,32.0558928571527,32.0558928571527,32.05589285715269,32.05589285715269,32.055892857152685,32.05589285715268,32.05589285715267,32.055892857152664,32.05589285715265,32.05589285715264,32.055892857152635,32.05589285715263,32.05589285715262,32.05589285715261,32.05589285715259,32.055892857152585,32.05589285715258,32.05589285715258,32.05589285715258,32.05589285715258,32.055892857152585,32.05589285715259,32.0558928571526,32.0558928571526,32.055892857152614,32.05589285715263,32.05589285715264,32.05589285715266,32.05589285715267,32.05589285715269,32.055892857152706,32.05589285715272,32.055892857152735,32.05589285715275,32.05589285715276,32.05589285715278,32.05589285715279,32.055892857152806,32.05589285715282,32.055892857152834,32.05589285715285,32.05589285715286,32.05589285715288,32.05589285715289,32.055892857152905,32.05589285715291,32.05589285715292,32.05589285715293,32.05589285715293,32.05589285715293,32.05589285715293,32.05589285715293,32.05589285715293,32.05589285715293,32.055892857152934
9.1,1.94,32.176180555565644,32.176180555565644,32.176180555565644,32.176180555565644,32.176180555565644,32.176180555565644,32.176180555565644,32.176180555565644,32.176180555565644,32.176180555565644,32.176180555565644,32.176180555565644,32.17618055556564,32.17618055556564,32.17618055556564,32.176180555565644,32.176180555565644,32.17618055556564,32.17618055556564,32.176180555565644,32.17618055556565,32.17618055556566,32.176180555565665,32.176180555565665,32.176180555565665,32.176180555565665,32.176180555565665,32.17618055556566,32.17618055556565,32.176180555565644,32.176180555565644,32.17618055556564,32.17618055556563,32.17618055556562,32.17618055556561,32.1761805555656,32.176180555565594,32.17618055556559,32.17618055556558,32.17618055556557,32.17618055556556,32.17618055556555,32.176180555565544,32.17618055556554,32.17618055556553,32.17618055556553,32.17618055556553,32.17618055556553,32.17618055556553,32.17618055556552,32.176180555565516,32.17618055556551,32.1761805555655,32.176180555565495,32.17618055556549,32.17618055556548,32.17618055556547,32.17618055556546,32.176180555565445,32.17618055556543,32.17618055556542,32.176180555565416,32.17618055556541,32.17618055556541,32.17618055556541,32.17618055556541,32.176180555565416,32.17618055556542,32.17618055556543,32.17618055556544,32.176180555565445,32.17618055556546,32.17618055556547,32.17618055556549,32.17618055556551,32.17618055556552,32.17618055556554,32.17618055556555,32.176180555565566,32.17618055556558,32.176180555565594,32.17618055556561,32.17618055556562,32.17618055556564,32.17618055556565,32.176180555565665,32.17618055556568,32.17618055556569,32.17618055556571,32.17618055556572,32.17618055556573,32.17618055556574,32.17618055556575,32.17618055556576,32.17618055556576,32.17618055556576,32.17618055556576,32.17618055556576,32.17618055556576,32.17618055556576,32.17618055556576
9.2,1.94,32.296468253978475,32.296468253978475,32.296468253978475,32.296468253978475,32.296468253978475,32.296468253978475,32.296468253978475,32.296468253978475,32.296468253978475,32.296468253978475,32.296468253978475,32.296468253978475,32.296468253978475,32.296468253978475,32.296468253978475,32.296468253978475,32.296468253978475,32.29646825397847,32.29646825397847,32.296468253978475,32.29646825397848,32.29646825397849,32.296468253978496,32.296468253978496,32.296468253978496,32.296468253978496,32.296468253978496,32.29646825397849,32.29646825397848,32.296468253978475,32.29646825397847,32.29646825397846,32.296468253978446,32.29646825397844,32.29646825397843,32.296468253978425,32.29646825397842,32.29646825397841,32.296468253978404,32.2964682539784,32.29646825397839,32.29646825397838,32.296468253978375,32.29646825397837,32.29646825397837,32.29646825397836,32.29646825397836,32.29646825397836,32.296468253978354,32.29646825397835,32.29646825397834,32.29646825397833,32.296468253978325,32.29646825397832,32.29646825397831,32.2964682539783,32.29646825397829,32.29646825397828,32.29646825397827,32.296468253978254,32.29646825397825,32.29646825397824,32.29646825397823,32.29646825397823,32.29646825397823,32.29646825397824,32.29646825397824,32.29646825397825,32.296468253978254,32.29646825397826,32.29646825397827,32.29646825397828,32.2964682539783,32.29646825397832,32.29646825397833,32.296468253978354,32.29646825397837,32.29646825397838,32.2964682539784,32.29646825397841,32.296468253978425,32.29646825397844,32.29646825397845,32.29646825397847,32.29646825397848,32.296468253978496,32.29646825397851,32.296468253978524,32.29646825397854,32.29646825397856,32.29646825397857,32.296468253978574,32.29646825397858,32.29646825397859,32.296468253978595,32.2964682539786,32.2964682539786,32.2964682539786,32.2964682539786,32.2964682539786,32.2964682539786
9.3,1.94,32.4167559523913,32.4167559523913,32.4167559523913,32.4167559523913,32.416755952391306,32.416755952391306,32.416755952391306,32.416755952391306,32.416755952391306,32.416755952391306,32.416755952391306,32.4167559523913,32.4167559523913,32.4167559523913,32.4167559523913,32.416755952391306,32.416755952391306,32.4167559523913,32.4167559523913,32.416755952391306,32.41675595239131,32.41675595239132,32.41675595239133,32.41675595239133,32.41675595239133,32.41675595239133,32.41675595239133,32.41675595239132,32.41675595239131,32.416755952391306,32.4167559523913,32.41675595239129,32.41675595239128,32.41675595239127,32.41675595239126,32.416755952391256,32.41675595239125,32.41675595239124,32.416755952391235,32.41675595239123,32.41675595239122,32.41675595239121,32.416755952391206,32.416755952391206,32.4167559523912,32.4167559523912,32.4167559523912,32.4167559523912,32.41675595239119,32.416755952391185,32.41675595239118,32.41675595239117,32.416755952391156,32.41675595239115,32.416755952391135,32.41675595239112,32.416755952391114,32.4167559523911,32.41675595239109,32.41675595239108,32.41675595239107,32.416755952391064,32.416755952391064,32.416755952391064,32.416755952391064,32.41675595239107,32.41675595239108,32.416755952391085,32.41675595239109,32.4167559523911,32.41675595239111,32.41675595239112,32.416755952391135,32.41675595239115,32.41675595239116,32.416755952391185,32.4167559523912,32.41675595239121,32.41675595239123,32.41675595239124,32.416755952391256,32.41675595239127,32.416755952391284,32.416755952391306,32.41675595239132,32.416755952391334,32.41675595239135,32.41675595239136,32.41675595239138,32.41675595239139,32.416755952391405,32.41675595239142,32.416755952391426,32.41675595239143,32.41675595239144,32.41675595239144,32.41675595239144,32.41675595239144,32.41675595239144,32.41675595239144,32.41675595239144
9.4,1.94,32.53704365080414,32.53704365080414,32.53704365080414,32.53704365080414,32.537043650804144,32.537043650804144,32.53704365080414,32.53704365080414,32.53704365080414,32.53704365080414,32.53704365080414,32.53704365080414,32.53704365080414,32.53704365080414,32.53704365080414,32.53704365080414,32.53704365080414,32.53704365080414,32.53704365080414,32.537043650804144,32.53704365080415,32.53704365080416,32.537043650804165,32.537043650804165,32.537043650804165,32.537043650804165,32.537043650804165,32.53704365080416,32.53704365080415,32.537043650804144,32.53704365080414,32.53704365080413,32.537043650804115,32.53704365080411,32.5370436508041,32.537043650804094,32.53704365080409,32.53704365080407,32.537043650804065,32.53704365080406,32.53704365080405,32.537043650804044,32.53704365080404,32.53704365080403,32.53704365080403,32.53704365080403,32.53704365080403,32.53704365080403,32.53704365080402,32.537043650804016,32.53704365080401,32.537043650804,32.537043650803994,32.53704365080399,32.53704365080397,32.537043650803966,32.53704365080396,32.537043650803945,32.53704365080393,32.537043650803916,32.53704365080391,32.5370436508039,32.537043650803895,32.537043650803895,32.537043650803895,32.5370436508039,32.53704365080391,32.537043650803916,32.53704365080392,32.53704365080393,32.53704365080394,32.53704365080395,32.537043650803966,32.53704365080398,32.537043650804,32.53704365080402,32.53704365080404,32.53704365080405,32.537043650804065,32.53704365080408,32.537043650804094,32.53704365080411,32.53704365080412,32.53704365080414,32.53704365080416,32.53704365080417,32.537043650804186,32.5370436508042,32.537043650804215,32.53704365080423,32.537043650804236,32.53704365080424,32.53704365080425,32.53704365080426,32.53704365080426,32.537043650804264,32.537043650804264,32.537043650804264,32.537043650804264,32.53704365080427,32.53704365080427
9.5,1.94,32.657331349216975,32.657331349216975,32.657331349216975,32.657331349216975,32.657331349216975,32.65733134921698,32.657331349216975,32.657331349216975,32.657331349216975,32.657331349216975,32.657331349216975,32.657331349216975,32.657331349216975,32.657331349216975,32.657331349216975,32.657331349216975,32.657331349216975,32.657331349216975,32.657331349216975,32.657331349216975,32.65733134921698,32.65733134921699,32.657331349216996,32.657331349216996,32.657331349216996,32.657331349216996,32.657331349216996,32.65733134921699,32.65733134921698,32.657331349216975,32.657331349216975,32.65733134921696,32.65733134921695,32.657331349216946,32.65733134921694,32.65733134921693,32.657331349216925,32.65733134921692,32.65733134921691,32.6573313492169,32.657331349216896,32.65733134921689,32.65733134921688,32.657331349216875,32.65733134921687,32.65733134921686,32.65733134921686,32.65733134921686,32.657331349216854,32.65733134921685,32.65733134921684,32.65733134921683,32.657331349216825,32.65733134921682,32.65733134921681,32.657331349216804,32.6573313492168,32.65733134921678,32.65733134921677,32.657331349216754,32.65733134921675,32.65733134921674,32.65733134921673,32.65733134921673,32.65733134921673,32.65733134921673,32.65733134921674,32.65733134921675,32.657331349216754,32.65733134921676,32.657331349216776,32.65733134921679,32.657331349216804,32.65733134921682,32.65733134921683,32.657331349216854,32.657331349216875,32.65733134921689,32.6573313492169,32.65733134921692,32.65733134921693,32.657331349216946,32.65733134921696,32.657331349216975,32.65733134921699,32.657331349217,32.65733134921702,32.65733134921703,32.65733134921704,32.65733134921705,32.65733134921707,32.657331349217074,32.65733134921708,32.65733134921709,32.65733134921709,32.65733134921709,32.65733134921709,32.65733134921709,32.65733134921709,32.65733134921709,32.657331349217095
9.6,1.94,32.777619047629805,32.7776190476298,32.7776190476298,32.777619047629805,32.777619047629805,32.777619047629805,32.777619047629805,32.777619047629805,32.7776190476298,32.7776190476298,32.7776190476298,32.7776190476298,32.7776190476298,32.7776190476298,32.7776190476298,32.777619047629805,32.777619047629805,32.777619047629805,32.777619047629805,32.777619047629805,32.777619047629805,32.77761904762981,32.77761904762982,32.77761904762982,32.77761904762982,32.77761904762982,32.77761904762982,32.77761904762982,32.77761904762981,32.777619047629805,32.7776190476298,32.77761904762979,32.777619047629784,32.77761904762978,32.77761904762977,32.77761904762976,32.777619047629756,32.77761904762975,32.77761904762974,32.777619047629734,32.77761904762973,32.77761904762972,32.77761904762971,32.777619047629706,32.7776190476297,32.77761904762969,32.77761904762969,32.77761904762969,32.777619047629685,32.77761904762968,32.77761904762967,32.77761904762966,32.777619047629656,32.77761904762965,32.777619047629635,32.77761904762963,32.77761904762962,32.777619047629614,32.7776190476296,32.777619047629585,32.77761904762958,32.77761904762957,32.777619047629564,32.777619047629564,32.777619047629564,32.77761904762957,32.77761904762958,32.777619047629585,32.77761904762959,32.7776190476296,32.77761904762961,32.77761904762962,32.77761904762964,32.777619047629656,32.77761904762968,32.7776190476297,32.77761904762971,32.77761904762973,32.77761904762974,32.777619047629756,32.77761904762977,32.777619047629784,32.7776190476298,32.77761904762981,32.77761904762983,32.77761904762984,32.777619047629855,32.77761904762987,32.777619047629884,32.7776190476299,32.777619047629905,32.77761904762991,32.77761904762992,32.777619047629926,32.777619047629926,32.777619047629926,32.777619047629926,32.777619047629926,32.777619047629926,32.77761904762993,32.77761904762993
9.7,1.94,32.89790674604262,32.89790674604262,32.89790674604262,32.89790674604262,32.89790674604263,32.89790674604263,32.89790674604263,32.89790674604263,32.89790674604263,32.89790674604263,32.89790674604263,32.89790674604263,32.89790674604263,32.89790674604263,32.89790674604263,32.89790674604263,32.89790674604263,32.89790674604263,32.89790674604263,32.897906746042636,32.89790674604264,32.89790674604265,32.89790674604266,32.89790674604266,32.89790674604266,32.89790674604266,32.89790674604266,32.89790674604265,32.89790674604264,32.897906746042636,32.897906746042636,32.89790674604263,32.897906746042615,32.89790674604261,32.8979067460426,32.897906746042594,32.89790674604259,32.89790674604258,32.89790674604257,32.897906746042565,32.89790674604256,32.89790674604255,32.897906746042544,32.89790674604254,32.89790674604253,32.89790674604252,32.89790674604253,32.89790674604253,32.89790674604252,32.897906746042516,32.89790674604251,32.8979067460425,32.897906746042494,32.89790674604249,32.89790674604247,32.897906746042466,32.89790674604246,32.89790674604245,32.89790674604244,32.89790674604242,32.89790674604241,32.8979067460424,32.897906746042395,32.897906746042395,32.897906746042395,32.8979067460424,32.89790674604241,32.897906746042416,32.89790674604242,32.89790674604243,32.897906746042445,32.89790674604246,32.89790674604248,32.897906746042494,32.89790674604251,32.89790674604253,32.897906746042544,32.89790674604256,32.89790674604257,32.89790674604259,32.8979067460426,32.897906746042615,32.89790674604263,32.89790674604264,32.89790674604266,32.89790674604267,32.897906746042686,32.8979067460427,32.897906746042715,32.897906746042736,32.89790674604274,32.89790674604275,32.89790674604276,32.897906746042764,32.897906746042764,32.897906746042764,32.897906746042764,32.897906746042764,32.897906746042764,32.897906746042764,32.897906746042764
9.8,1.94,33.01819444445546,33.01819444445546,33.01819444445546,33.01819444445546,33.01819444445546,33.01819444445547,33.01819444445546,33.01819444445546,33.01819444445546,33.01819444445546,33.01819444445546,33.01819444445546,33.01819444445546,33.01819444445546,33.01819444445546,33.01819444445547,33.01819444445547,33.01819444445546,33.01819444445546,33.01819444445546,33.01819444445547,33.018194444455474,33.01819444445548,33.01819444445548,33.01819444445548,33.01819444445548,33.01819444445548,33.01819444445548,33.01819444445548,33.018194444455474,33.01819444445547,33.01819444445546,33.01819444445545,33.018194444455446,33.01819444445544,33.01819444445543,33.018194444455425,33.01819444445542,33.01819444445541,33.0181944444554,33.018194444455396,33.01819444445539,33.01819444445538,33.018194444455375,33.01819444445537,33.01819444445537,33.01819444445537,33.01819444445536,33.018194444455354,33.018194444455354,33.01819444445535,33.01819444445534,33.01819444445533,33.018194444455325,33.01819444445531,33.018194444455304,33.0181944444553,33.01819444445529,33.018194444455276,33.01819444445526,33.018194444455254,33.018194444455254,33.01819444445525,33.01819444445525,33.01819444445525,33.01819444445525,33.018194444455254,33.01819444445526,33.01819444445527,33.018194444455276,33.01819444445529,33.018194444455304,33.01819444445532,33.01819444445533,33.01819444445535,33.01819444445537,33.01819444445538,33.018194444455396,33.01819444445541,33.01819444445543,33.018194444455446,33.01819444445546,33.018194444455474,33.01819444445549,33.0181944444555,33.01819444445552,33.01819444445553,33.01819444445554,33.01819444445555,33.01819444445557,33.018194444455574,33.01819444445558,33.01819444445559,33.018194444455595,33.0181944444556,33.0181944444556,33.0181944444556,33.0181944444556,33.0181944444556,33.0181944444556,33.01819444445561
9.9,1.94,33.1384821428683,33.1384821428683,33.1384821428683,33.1384821428683,33.1384821428683,33.1384821428683,33.1384821428683,33.1384821428683,33.1384821428683,33.1384821428683,33.1384821428683,33.1384821428683,33.1384821428683,33.1384821428683,33.1384821428683,33.138482142868305,33.138482142868305,33.1384821428683,33.1384821428683,33.1384821428683,33.138482142868305,33.13848214286831,33.13848214286832,33.13848214286832,33.13848214286832,33.13848214286832,33.13848214286832,33.13848214286831,33.138482142868305,33.138482142868305,33.138482142868305,33.1384821428683,33.13848214286829,33.13848214286829,33.138482142868284,33.13848214286828,33.13848214286827,33.13848214286826,33.13848214286825,33.13848214286824,33.138482142868234,33.13848214286823,33.13848214286822,33.13848214286821,33.138482142868206,33.1384821428682,33.138482142868206,33.138482142868206,33.1384821428682,33.13848214286819,33.138482142868185,33.13848214286818,33.13848214286817,33.13848214286816,33.13848214286815,33.13848214286814,33.138482142868135,33.13848214286812,33.13848214286811,33.13848214286809,33.138482142868085,33.13848214286808,33.13848214286807,33.13848214286807,33.13848214286807,33.13848214286808,33.138482142868085,33.138482142868085,33.13848214286809,33.1384821428681,33.138482142868114,33.13848214286813,33.13848214286814,33.138482142868156,33.13848214286818,33.1384821428682,33.13848214286821,33.13848214286823,33.13848214286824,33.138482142868256,33.13848214286827,33.138482142868284,33.1384821428683,33.13848214286831,33.13848214286833,33.13848214286834,33.138482142868355,33.13848214286837,33.138482142868384,33.1384821428684,33.138482142868405,33.13848214286842,33.138482142868426,33.13848214286843,33.13848214286844,33.13848214286845,33.13848214286845,33.13848214286845,33.13848214286845,33.13848214286845,33.13848214286845
10.0,1.94,33.258769841281136,33.258769841281136,33.258769841281136,33.258769841281136,33.258769841281136,33.258769841281136,33.258769841281136,33.258769841281136,33.258769841281136,33.258769841281136,33.258769841281136,33.258769841281136,33.25876984128114,33.25876984128114,33.25876984128114,33.25876984128114,33.25876984128114,33.258769841281136,33.258769841281136,33.25876984128114,33.25876984128115,33.25876984128116,33.258769841281165,33.258769841281165,33.258769841281165,33.258769841281165,33.258769841281165,33.25876984128116,33.25876984128115,33.25876984128114,33.25876984128114,33.258769841281136,33.25876984128113,33.25876984128112,33.258769841281115,33.25876984128111,33.2587698412811,33.258769841281094,33.25876984128109,33.25876984128107,33.258769841281065,33.25876984128106,33.25876984128105,33.258769841281044,33.258769841281044,33.25876984128104,33.25876984128104,33.25876984128104,33.25876984128103,33.25876984128102,33.258769841281016,33.258769841281,33.258769841280994,33.25876984128099,33.25876984128098,33.258769841280966,33.25876984128096,33.25876984128095,33.25876984128094,33.25876984128092,33.258769841280916,33.25876984128091,33.2587698412809,33.2587698412809,33.2587698412809,33.25876984128091,33.25876984128091,33.258769841280916,33.25876984128092,33.25876984128093,33.258769841280944,33.25876984128096,33.25876984128098,33.258769841280994,33.258769841281016,33.25876984128104,33.25876984128105,33.258769841281065,33.25876984128108,33.258769841281094,33.25876984128111,33.25876984128112,33.258769841281136,33.25876984128115,33.258769841281165,33.25876984128118,33.25876984128119,33.25876984128121,33.25876984128122,33.25876984128124,33.25876984128125,33.25876984128126,33.25876984128127,33.25876984128128,33.25876984128128,33.258769841281286,33.258769841281286,33.25876984128129,33.25876984128129,33.25876984128129,33.25876984128129
